f1,f2,f3,y
0.30471707975443135,-1.322541133291679,0.6293358470734942,5.827201348808037
-1.0399841062404955,-0.4861941306990469,0.8808641160106552,-0.6669370082971294
0.7504511958064572,0.42022670947458574,0.5661888133634263,3.3635834871213834
0.9405647163912139,-0.10239670661109637,1.16097262155774,6.373663439000867
-1.9510351886538364,-0.6505636204055921,0.49904253873836657,-2.60822753380725
-1.302179506862318,-0.674212461724509,0.150030650148818,-1.5602402799041335
0.12784040316728537,-0.7123370644127087,0.42478571555124356,3.298856146337931
-0.3162425923435822,-0.8795096286589426,-1.5952265329866706,-2.239501948957996
-0.016801157504288795,2.2816328772760617,-0.9073738370979201,-7.403194142381488
-0.85304392757358,0.2975110711855549,0.1095991226325248,-4.1545692754736585
0.8793979748628286,0.8867590544047386,1.4919488616068284,4.093104498593489
0.7777919354289483,-0.4890774681189237,0.7162062251519723,5.411350989024638
0.06603069756121605,-0.18595667718604886,-1.6383676861124097,-2.0328452355876183
1.1272412069680329,-0.713553981370355,0.3690998017776175,4.954879016760869
0.4675093422520456,-2.651708334919202,-1.1130480494516042,4.466306759859172
-0.8592924628832382,-1.3780092768478662,0.9360662391548917,4.032018050546057
0.36875078408249884,-1.8106186799803947,1.3097634100349889,7.680776563279177
-0.9588826008289989,-2.2497837779516074,0.3738250903598934,2.6752910724480583
0.8784503013072725,-1.1953589742981028,0.36545043900683893,6.314480573868794
-0.049925910986252896,1.3249556793816308,-0.6456342271567439,-3.1821685594416427
-0.18486236354526056,-0.04443616770435442,-0.21499991535476237,-1.8223102252301437
-0.6809295444039414,1.290563762321174,1.4564334152613818,-1.501268244976544
1.2225413386740303,0.4109825769008753,0.8932813238686261,4.623297262005175
-0.15452948206880215,0.7825588257151592,0.07901463878337234,-2.174812065458206
-0.4283278221631072,-0.9008969953045751,-0.5270704550065162,-1.0269133215537334
-0.3521335504882296,0.5239509541926708,-1.7984810468457826,-4.083751140653613
0.5323091855533487,0.7287142340743459,-1.4279703946944595,-1.5692606014883514
0.36544406436407834,-0.5766472922336929,-1.2278992418425174,-0.26202743158711683
0.4127326115959884,0.5595403706161663,-0.5064658269653011,-1.5997685358883007
0.43082100300788273,0.5661877585748329,1.7765745883050985,4.8417114771589915
2.1416476008704612,-0.5495526211300829,0.020613579434994644,7.286596266781363
-0.4064150163846156,-1.122768432270995,-1.0606393469630757,-1.9915069133953982
-0.5122427290715373,-1.1841283318982723,-1.5769994501539437,-3.410873936699141
-0.8137727282478777,0.08650554192146179,-0.6467779015881439,-3.444919795123979
0.6159794225754956,0.3270098687893148,1.2629225422042274,4.7306305561689355
1.1289722927208916,-0.7925258304579145,-0.4666288263579683,5.314798156127046
-0.11394745765487507,0.02658534132609864,1.090023224089654,1.2922335628665058
-0.840156476962528,0.5705370361384854,1.2108199045075154,0.1668914497861198
-0.8244812156912396,0.6181907146653008,-1.5567169212051835,-6.660432873967235
0.6505927878247011,1.5518801201224885,0.43463901050713494,0.6755372850673624
0.7432541712034423,1.2769808321980434,1.836384253484443,1.4171719023771594
0.543154268305195,-1.001291432756544,-0.39144770038578436,3.5151219239386116
-0.6655097072886943,1.6835862095380225,-1.796223643987911,-7.7372358576760725
0.23216132306671977,-0.5309765045557148,1.6932107610315144,4.708750069258047
0.11668580914072822,1.0448728124544275,1.5346651262899318,1.7099327014213677
0.21868859672901295,0.06798662605108885,0.08856578883600719,0.24959597951787615
0.8714287779481898,-0.4121493784569676,0.20901248137603856,3.6554589546983083
0.22359554877468227,-1.8076968597749328,-1.1530355888955004,1.2197699378452151
0.6789135630718949,-0.1715645102163482,1.2778030221785492,3.9551111318866137
0.06757906948889146,-1.559383235305609,-0.00559984643149436,3.907935173526405
0.28911939868998415,0.9672992358427723,-1.864488819429774,-3.104669152224093
0.6312882258385404,1.516792657139248,0.7320598257959912,0.37454790435408913
-1.4571558198556664,-0.7969109892966902,1.8019850792108243,0.3862807250208111
-0.31967121635730134,0.30197074251927114,1.3166019613830011,1.1547651314380076
-0.4703726542927955,-0.7253915220079754,-0.8912074391578408,-2.064036618264092
-0.6388778482433419,-0.6284847301367896,-1.7866996602666374,-4.029317968548431
-0.27514225122668373,0.7744947038653713,1.7614056501527222,-0.04714684059744223
1.4949413112343959,-0.03853826184341251,1.7482508995188057,8.251241512998021
-0.8658311156932432,1.7396480419310116,0.1296612788514775,-5.733604023910736
0.9682783545914808,-0.482232478702921,0.5692696466861404,6.901827345869662
-1.6828697716158048,0.9993363324744892,-0.14959975715676688,-7.46199212034166
-0.33488502998577485,0.09741341295778198,-0.3209385316049653,-2.7941084722705636
0.1627530651050056,0.7957780097442332,-1.5222062562851986,-3.240897414972397
0.5862223313592781,-0.4471576573299467,-1.612988406555616,0.097212284928886
0.711226579792855,-0.04955883755158271,-1.0690714132952501,0.11134555155981496
0.7933472351999252,-0.11549887929893475,1.3465629856261772,6.369354540524418
-0.3487250722484376,-0.8360571148457872,-1.41667079705728,-2.795456854138753
-0.46235179266456716,0.6620815345817527,-1.093205392341157,-5.464610175824354
0.8579758812571538,0.6502490055783642,0.1944562372888301,1.7331138981789485
-0.1913043248816149,0.5935546949055667,-1.1394751276869024,-5.389787501814622
-1.2756863233379219,1.5369656539176446,-1.3471732611288516,-10.01080454006766
-1.1332872140034806,1.4493448012363035,0.25326496679184896,-4.611387318412519
-0.9194522860016113,-0.37494468984913537,-0.5276269160135381,-3.352784023717944
0.49716074405376404,0.37305231843417824,0.5046371433618768,1.2536042026408307
0.14242573607056525,-0.6236006892582127,1.6488213616347052,3.576263771355026
0.6904853540677682,0.023355316114555456,-1.3960274742597294,0.2357883993400769
-0.42725264633653426,-0.5997494491188647,1.6537346392522556,2.8442054198573112
0.15853969107671423,1.620070309136051,1.6099598696916746,-0.22000906962514527
0.6255903939673367,0.3636981503429628,1.3163503333436113,3.86098932415972
-0.3093465397202384,-0.21802912810442213,0.5251436692243407,-0.02208483121359417
0.45677523755741145,1.193618571856377,0.4805866298621897,1.3661534749091913
-0.6619259410666513,-2.1706154097954116,0.5568506397460062,3.665861709536192
-0.3630538465650718,-2.0141025948652898,0.7619822048712526,5.967295312077421
-0.3817378939983291,0.7958386552197739,-1.934071197615372,-5.504949255803185
-1.1958396455890397,0.06046844811736806,1.8323703166425989,0.19016896629977476
0.4869724807855818,0.25044630026076065,0.3424150458623192,2.1469997306436577
-0.46940234020272387,-1.3263961033185487,1.1258633576096866,4.549766601969638
0.01249411872768743,-0.023233710850366202,-0.4908726437545474,-0.8268721032727573
0.48074665890590895,2.003509410401342,-1.9504111443368162,-4.914897413929269
0.4465311760299441,0.8241996197958629,0.03893863950577581,0.051534823554991005
0.6653851089727862,0.1697065451428121,0.028760477263715778,1.58001627280407
-0.09848548450942361,-0.43905391010493766,-0.25204284675419286,1.1753073070690325
-0.42329831204415375,-0.39457285186939384,-0.641131783351693,-2.909913693890879
-0.07971821090639905,-2.1291978892000176,-1.0006956487611118,1.496716569915216
-1.6873344339580298,0.2576404209211606,0.11017949798873117,-5.236993894506539
-1.4471124724230873,0.8454831084818539,-0.4988874412260236,-7.185941746632044
-1.3226996123544024,-1.5756193271706151,1.8797275321992348,1.7404861778816938
-0.9972468276014818,-0.661416892306816,-1.3082907689322743,-4.345812729880113
0.3997742267234366,-1.157464632233422,-0.7213377294916521,1.4148927518659493
-0.9054790553600608,-0.9653511948087635,-0.824158116301716,-4.095030306532145
-0.3781625540393897,0.05348162682190022,0.17323670494382792,-0.7176498022230196
1.2992282977860654,-2.0844021549884744,-0.0028789721034083726,7.287456565834962
-0.35626397106142593,0.614270438357064,0.5749618616970924,-1.8799944688589036
0.7375155684670865,0.7538550699336822,1.8000070822968315,3.722185955239754
-0.933617680009877,-0.2511025880369125,-0.8591156580245305,-4.228925390916853
-0.20543755786763002,-2.4807085099845416,0.771086277019986,6.804537008692844
-0.9500220549105812,-0.9964186260023896,-1.8998391879792655,-3.2992656107126406
-0.3390330759005625,1.2329019341026966,-0.9504461090655019,-7.276740164385435
0.8403081374573955,-2.7779942807285725,-0.14512108801362888,6.690364386427443
-1.7273204231923487,-0.34752341219351923,-1.8760208460754622,-5.966787960178776
0.43442364354585733,-1.180000778467259,0.47067784221455566,4.290697927253699
0.2377356023322779,0.8045703015848366,0.7132424336068328,1.4945227604091653
-0.5941499556967944,-0.6751139521434614,0.9869268593521867,1.5899291990763464
-1.4460578543884546,0.40395402073561154,0.06629801937204904,-4.891562301079464
0.07212950771386951,0.5654604191690931,0.4157786599145066,-0.1461031393474666
-0.5294927090638024,1.83622583973002,-0.41573899488605104,-6.079449257951733
0.23267621135470395,-0.20294194367537022,-1.8349878699737499,-1.6962573798611658
0.02185214552344288,0.37604436962261134,-1.6001925769019478,-3.9990390282847734
1.6017788913209154,-1.485055479127436,0.6199836968058565,8.78339282336592
-0.23935562747302427,1.190413563293744,1.982221198343105,-0.16179629599495093
-1.023497492621865,-0.7605088480713647,-1.9367870433468153,-5.199686942706927
0.17927563495631615,-0.5607541640877456,0.230333987305531,2.643480071618226
0.21999668397176517,-0.022247794849210738,1.0040350115302314,5.073957842360337
1.3591875752404365,-1.5628843453398495,1.3070993120555148,11.04474928862862
0.8351112459145785,0.228770028928938,0.18081960489056037,3.090144829629628
0.35687105914950934,0.9674662729250108,0.4796639207364204,0.460198669783216
1.4633028912195618,0.2929338234972916,0.7868997810982137,4.571417550665848
-1.188763054322851,-1.588897564178725,1.4358649987737224,1.6586372026119545
-0.6397515327497477,-0.12380929432965958,-1.5108418511887254,-3.7682908164956626
-0.9265759414055249,0.7420289029794906,1.7047287850994537,-1.8434815443385861
-0.38980980315576796,-1.8779887659659078,-1.89593038579372,-0.7457520813002044
-1.3766861475563088,-1.074766013817714,1.3447990038311013,0.8272315916373663
0.6351509468144043,0.87654360408152,-1.693038293761211,-3.5686799993054157
-0.22222269709877338,0.27009543419728654,-1.221487153580311,-4.884425188871155
-1.4708062945026579,0.41197158212675383,-1.9844234144754695,-8.018700905600598
-1.0155790812075416,1.8594948076233115,-0.21897317785583725,-8.041479782436278
0.3135138474501953,0.4685527785062026,-0.6625630931304309,-2.360695999007166
0.8381265678943811,0.6578880104331793,-1.3360283540518907,-2.265935058704943
1.9967308916917865,2.710745527218326,-0.19563935678437483,0.351172565924784
2.9138624660073296,-0.2138045580904907,-0.39051646731126466,7.864710381780835
0.4144094332759964,-0.7978827636184951,1.0706441307949661,5.346522204771539
-0.9895381200318641,0.4277963982471327,1.5725212242801296,-0.4063494913795347
-2.132046280731309,0.4389910293888949,0.6102690070683274,-5.654284835293447
0.2677114623438358,-0.5267153919462082,-1.5023584450939045,-1.3311895932722564
-0.812941095310326,-1.0323970195548475,-0.8184368211605975,-2.2349495072782037
-0.41535726017968533,2.309844422090078,1.6532731873291193,-2.408220000189594
-0.6120967990598081,0.3268434703880229,-1.6450620279684434,-5.584659497803181
-0.14079088641638526,-0.7322853814020757,-0.3725766424366941,0.006574037150257374
1.0659802307876436,0.9159303022795986,1.7700184769339251,3.7594893757169165
0.15704856744534462,-0.1091451515613345,1.8026593658779428,3.0066777986196263
-0.1586348370386883,-0.25288144631783127,-0.3551872918044303,-0.4750362850270591
-1.0356537528258116,0.5622728719144933,0.6695875523951895,-2.0580596119507897
-1.674682944704357,-1.29188226823169,-0.1730176065840041,-2.638042434816073
-0.4863079090733309,0.3526272039171724,1.013842157745367,0.5790271545964302
-0.05378255081832049,1.9129548077317522,-1.873674677228006,-6.818360741309456
1.767929913579883,0.46617766219731077,-1.4233714043145662,1.8914648979041866
0.13027452147288585,-0.3762121037834645,0.45679521417439695,3.12104643186674
0.9827395110230576,-0.507105280428242,-1.0697909502277456,1.9689883518179396
-0.49929559853915206,-0.41033997334510935,0.6642091970765942,1.101558541172251
-1.1849437664170246,-0.25396267804778105,-0.5951082901548066,-3.757806326843033
-0.9651167622323719,-0.377806532758272,1.5465822325112857,1.0193058154599894
-0.7252260645357532,0.9163114410745667,1.2770375422399458,-0.6941509129943153
2.1284697324351645,-1.7332091032089831,-0.02864879972487122,9.963354284455354
-0.8213866792243861,0.862000050412134,1.091580348379431,-1.3531853583493012
0.838489203736345,-0.3796865251425611,-0.9154484550596385,0.3813063558059464
-0.9029271780870264,0.37694778569537224,-0.022960892752549533,-3.0406081447065043
0.9315730128742441,-1.1269879102008638,-1.2100717925468873,4.233476905547457
0.38495096610586316,1.328631066849436,1.4435446740839755,1.2109774964903726
-0.1566378976580904,1.245634960171873,1.2922704662736595,-0.02710197040104586
-0.040762526135434025,0.9595905257500736,1.608598673636005,0.6440444141596158
-0.6547876954293904,-1.5147547757935393,1.5099079248970377,3.7179731558642466
0.44607220148208054,0.8291210710660528,1.838385048237979,3.654322870182376
-0.45498348034078,0.4048550876357089,-1.0866550734722962,-5.300965261920153
-1.2256057637672482,-1.6052712471325676,1.727297163181262,2.165205028121626
-1.2779375743196193,-0.02429738377081549,0.28485276540799065,-4.05341447345982
0.17258791772211948,0.3645344890332625,-0.31001966432739136,-1.6568655222304356
1.579091256410435,0.5560752738231508,0.24149558387149206,3.14670852887183
0.15999161357343825,0.17726136694885572,-0.6295905733988887,-1.1987262455769585
-0.11863832610988256,0.2912314168473797,-0.8457879721561916,-1.2240714017873107
0.2858261396025429,1.4736113922530956,-1.034742648089885,-4.925612350782548
1.3060017417068248,1.2260339099106798,-1.6702880421714927,-2.68595748939948
0.21938250136385634,-2.8670549537827434,-0.013740411411250264,6.9810372395991935
-0.41092723083373717,-0.317438554837682,1.5510467028555497,1.892662893471323
1.1062887100598888,-0.16465102754395128,0.5206078770975386,6.049933756894521
0.4287564384616135,-1.7520985727269711,0.08390253102309408,4.844458502800576
1.535755991995992,0.09418305823231217,-0.285628326996334,3.1313497459266673
0.18323443722190613,1.2487577724105066,-0.1423934947312322,-2.498120890505384
-1.2244690317205003,-1.0865678595905903,-1.1628906097121963,-3.723688478298409
-1.368159199245665,0.3364009386898723,1.291743508772389,-2.0525236178832755
1.6509279322312496,-0.9158234772964378,-1.2064681468738878,3.633633391195707
1.723665720783297,-0.6719120236796768,0.8664910269092521,8.661823758988039
-0.17951921328260065,1.477393634170035,1.0399400459846104,-1.7965219100695469
-0.38318732113598775,-0.542557820111825,0.299476168110937,1.098534989684736
1.4614442922422022,0.46221248901062467,1.451705499819314,5.1879504768824445
-1.107045682043488,-1.871218116060987,-0.8357985901973999,-2.1150826456915746
-0.8947270189558264,1.8623175613948801,1.526468884971453,-2.880193434040388
0.6433267946890444,0.602652446306499,0.9176418383972167,3.3193216516738984
-0.3946051228595896,-0.18249984265026167,1.194999311047043,2.3850549220856134
-0.005121866720071296,0.5755465099998948,0.6583188381092566,0.6233730529507134
-0.16344289852451258,-1.4098194289478103,1.3853720679598776,6.096706852697365
0.33757454879893356,1.1825307417526572,1.9723954508705437,2.0562628656931814
1.4074818613137168,-0.3239847754964302,-0.31934858190144544,4.240869403548584
0.09058490690174555,-0.2040695150484347,1.2556627348382814,4.1814407392453425
0.6439387932768579,-0.49165561496548443,0.9783190380721343,5.929103689540256
-2.0501721010310225,-0.5806514027455847,-0.18851933715192803,-5.85905197083471
-0.04871840193011795,0.6946706116284086,1.707795998930048,0.4956649739800114
-0.8432302702928711,0.25590685010422287,-0.4222962817096212,-3.976819279822096
-1.218813060423628,0.6517481414030399,0.2618636651049502,-3.8010296074623726
-0.8781523669287508,-0.008794689485571452,-1.5762305720361538,-4.85349303159511
-0.33412344070081207,0.513199811077181,-1.096899223734935,-5.353584570294235
0.9159025423560131,-0.41884874392503835,1.3627846821350427,5.8862337937929015
-1.326392717739564,2.2297318414095484,-0.4137891086846106,-9.322956235605991
0.030631492594417446,-1.5679304164304986,-0.42366364233896725,1.944629597416093
-0.4841694333335785,1.2609373235629844,-1.016075927237519,-7.844559296406907
-0.32767309436196085,1.3679074507209708,-0.033558662810182494,-3.556915562782427
1.0027578253046041,-0.8521588059655938,1.2232678454024897,6.236547011143393
0.5381154370039261,2.2292736105559734,1.5806564710949584,-0.5060263288984371
1.3373981074427437,0.9954902829453182,-1.7195422718232645,0.0005176053716537954
-0.15450567924990047,0.9711390068229115,0.2992829249604618,-0.2438744905557606
-0.695942611670703,0.028022187025876687,-0.13090652843066186,-3.3864305718274235
-0.22385881688049952,-0.21722615821867644,0.4571274018863134,0.8564186299151704
0.2424967912712216,-0.20940882703960811,-0.21089725236692347,0.5481317249380714
0.17657335845371103,0.3905305963195172,-0.4054207165863395,-0.18769848930459432
-1.0843880722333665,1.4011862750338961,-0.11247715028204253,-6.737265450643369
0.09048978162787422,0.1813142178614196,0.3279965150256565,0.5414630861259122
0.22822833013890514,-0.9114436231372903,0.003932844127107149,3.6034786295814767
2.5174740375339204,0.8244270623849798,-0.11142219591741531,5.307640211996406
1.8768446112816701,0.9211507463947922,1.271341239832323,7.160265677622758
-0.8532433505588201,0.6546595284477861,0.982591964951431,-2.4072340980385674
-0.2873833615491761,0.7454989065249826,-0.6344860232752287,-4.251301762291542
-1.4634420018370031,-0.2709281301578081,1.2023084700612818,-2.211568250566688
-0.5907070139634865,-0.9289891671305796,1.4146026760180006,2.3105332987981173
0.3156050035903405,-0.8681934306407798,-1.386031178503238,0.3217045496179871
1.2058536208882336,-1.635463248457858,0.3307298469230351,7.827753810185718
-0.7290838377436085,0.23694861154594976,-0.8587520256031449,-5.155605997820878
-0.6541464400677965,-0.08344878322659362,0.9566892877068902,0.1321984772677861
-2.147289029738655,-0.43998770452970876,-1.044858682565267,-8.310911736897026
-0.16266592054490767,-2.95561882434507,0.6856140966921274,7.533464485125335
-1.062414411859563,-1.247317469694169,-0.9795013757694644,-2.4952255186362344
-0.5294394273660737,1.1208406514031668,0.04457505371977266,-5.533921382090158
-0.8768607781675882,-0.664626000063131,1.7945858716647685,1.0416272029657352
-0.09426255425255699,0.3605916776568414,-0.474769846174262,-2.264004931376726
-1.7577283913566313,-1.3906854299752562,1.5029539438528308,0.43208026889401246
-1.4670452453909906,1.4387054823592311,1.9477783248155784,-4.206843801233326
2.129247112028298,-0.1440276600546764,1.4994033952206531,9.855432677276294
-1.287422581274031,0.2900403964835352,-1.3365358811066286,-7.573814867075762
-1.0967855784546396,2.325779791881685,1.2786328781406522,-5.437844584804736
1.836913528321314,1.5164401005894037,-1.871402419597755,-0.5594622620162594
2.905067169240407,-0.3065656212870578,-0.4267924652027686,8.890593024019875
-1.1715666288253417,-0.5932201848703592,1.4829334932714553,0.14776256160541978
-0.36824895678803055,-0.3255450115195318,0.7550088510396793,1.5582637902470164
0.34155555094050954,0.5098982484765356,0.1309617093515123,0.5249727362778474
1.7286976444055924,-0.10522413425087113,-0.4485438996695179,5.187825056215967
-0.9868570784282374,-0.39524414500347166,1.2491877858811442,0.4658858652278912
-0.24527784594210975,1.4671812507090423,0.8382336157928836,-0.7686424907233723
0.777337576061744,-0.11420989177783689,-0.12637872153730667,3.0446903577778874
0.43476607446661863,2.2995890930373193,1.5699373488386392,-0.33950905493286193
-0.37615607123009925,0.09074256375217302,-1.0802079287254704,-4.103623998122909
-0.13382296451604114,1.7853183942247275,-1.3184339633655004,-7.1074190340980605
-1.3748958083699818,0.3573194227106268,0.5712150573343262,-3.396438640230398
-0.23817374397466523,0.9629605732494478,1.8879773708070813,0.8078807079140842
-0.2663874900089551,-0.7246110515177244,-1.0109737067729188,-1.7302813413530458
0.23216988962625595,-0.8537592225874118,-1.001318484264694,0.042183010622993095
-0.555327218819016,0.4597059550149875,-1.4420046081512403,-6.348203436899205
0.471538522545139,0.9885532424653152,1.4422542210945286,1.7355155268374365
1.0127158178198286,0.040256502000462865,-1.0944098383546637,1.7920739090319726
0.15542932766846604,-1.2863933350836971,0.012714106899551325,2.952737938569424
0.35175640839920347,-1.360258366289327,1.9634899120088183,6.005090468604416
0.053155347577867364,-1.4271364021862412,-1.9514363963118257,1.2302271715929483
8.439309141418043e-05,-1.767622112939381,0.22594436204317647,4.404843852424184
-0.7215580335428474,0.10948535944708751,0.049156170819783185,-1.8315272468272048
0.316494261673308,1.1250439217080253,1.229789505640619,1.430017266595181
-0.09728659841348947,-0.013415786924808768,-0.5788738417888921,-2.1293441853907136
2.093168308930595,-2.2604147573378524,-0.3586345644038338,9.628635985392567
1.5733549024752425,-0.19076046033454871,-1.3282480776045453,1.2214816201163639
0.3858465525565008,-0.1627989966326071,0.9632609265431467,3.8847607124639385
-0.7630572096947675,2.0959987502254394,1.1388356367525931,-3.549506029814652
-1.112411471983418,-1.4571379129195563,-1.453346716884679,-2.106966484905513
1.191142953088865,-0.3906776025991957,-0.426171704046713,3.1748195112675286
0.2627492251471385,1.7058526805445642,1.571619981450732,-1.257382632805357
0.4801434033916108,0.44997834134654807,-1.9891709052968514,-2.2665678247843677
-1.7445859869741926,0.5633130735164247,-0.8049637175094708,-6.605147698948092
0.9274384815581808,0.11458443702387822,0.22016914021019085,3.81478698549087
0.45442033821436295,0.32994353865726456,-0.6636245613601868,-1.712176904230243
-1.110430684414478,0.777609530278536,-0.9118192432893224,-6.84459350996366
-0.47152480744994896,-0.8094863188927663,-0.15985006038714955,-0.792521723028879
0.2637172043565196,0.8780585789081998,-1.273907567561225,-4.781384703683786
0.05246679835624363,-1.3730030168855392,0.11850096383793529,3.014219326463822
-0.292171185803555,0.3283679728315381,0.8267836852529036,0.738089839885182
-0.10348826806596086,0.17874096328632716,0.30117981051400866,-1.0885142321967005
-0.25197737820688537,-0.6162930881921079,-1.6275626765658764,-3.322925131772185
0.15256251210246857,-0.022685275325646737,1.377634456662293,3.4544995213702845
1.471491972993157,-0.6225401526655531,-1.3000886500500473,2.48308931487185
-2.5666584409312976,-1.0717013268617444,1.0592480024445146,-2.6642419639366737
-0.23685026450968424,-0.35361474161364437,-0.5577395568965984,-2.441398150931583
0.17651242137244696,-1.1039886353716615,1.1310453922244093,5.951967324704525
0.2959939896870995,0.3227974640932481,-1.174908386378617,-3.3542078684727814
-0.37191458132128985,-1.1500854941523635,-1.2533515852182808,-0.5157670956630662
-1.7567217824785826,0.7119770229910514,-0.011896615130071009,-7.930839196018136
0.32799548371410964,-1.18147906792882,-1.868255941206558,-0.286095825069444
1.727350214164185,-0.5662949155810063,-1.0988106448706665,3.9347983068386823
-1.5338614049161376,-0.624603408215179,0.8960490087373931,0.1551803571560888
0.8638280136981883,1.3251467288748389,1.349533913221702,3.0885842358089843
-0.3285252231228939,0.33028994561659186,-1.6768585442487582,-4.235297037632821
-0.0613243458288473,-0.21173380254439425,1.5283108377524175,3.2490632808408133
-1.052898510703949,0.4987194410697233,1.1900688162127162,-2.0894297083046816
-0.33445617235587666,-2.107192347329688,1.4787371828278615,5.855215980267973
1.3000445946989585,-0.043133589640907445,0.7937142183153596,5.27695196468687
0.582655241987707,1.9975141778047627,0.696612269175859,-1.2172908591175533
1.732311605409944,0.13234650640267256,0.10037293337945519,5.5140794868336345
1.1774118889776937,0.0679131691693355,0.61114889796526,4.331611062383886
0.4390866789295762,0.5481283796421961,1.6764386582664206,3.4279661921650395
1.743934526167792,0.8956052433143455,-1.5979119943331663,-0.46958001311516107
0.43899315873829875,-1.9974666928898597,-0.7369420886156353,3.503301202584261
0.8279881767970589,-1.6823264817910268,-1.7101801056165127,2.535634302829842
-0.29657095353470836,0.21029129108614655,1.7792206877761538,2.609409905055096
0.06654581585920483,-0.7148765618975097,-0.21893813600244805,1.2044141086502544
-0.6974238233002769,1.3120252622199142,0.7013778827047537,-1.9154611546962528
0.989583934594853,-0.3151743898852239,1.3644802580172857,6.006524567043559
-1.1783036231148656,-1.9345307357131178,1.9640009923059543,3.1445087479290077
0.7823503424176613,-1.268013916843997,-1.352870168830937,1.2672740776812257
-0.19065105750515945,-2.7496760196305754,1.1980504228729147,7.431867809088136
1.1712470934673194,-0.23412553728291255,1.5496915925469454,6.797851309133397
0.7508689887312598,-0.18838412726438336,-1.8044984925964975,-0.7971726751543571
1.8206461576468016,-0.42446270978189776,1.0163622407422936,8.010607417481303
0.7307746911386448,1.0788790390297387,-0.5810987152137987,-2.6017240513978184
-1.5720402556532407,1.1985198365166936,0.5943871658817281,-7.070980726123752
-0.06695317289820084,-0.1703884233561112,0.05619278415545903,-0.43103554794472393
-1.172007192594816,-2.134693667476856,-0.9610309916534523,-1.2667357965736001
-0.5182798423662747,0.6172815804922585,-1.4591145519840558,-6.889661870573223
1.5112284332767216,0.5553602285085755,-1.5322110676431668,-0.532488193288792
0.637533810897696,0.309391570156945,-1.5867085691660332,-0.45217291658552283
-0.6989304285787463,0.9814797493081158,0.551160160538311,-2.9342701924784063
-1.013717366440399,-1.16482809646104,-0.5943565944018476,-2.166691109398145
0.03278209287626079,2.008755386185139,-1.1334662471765102,-6.187199475931583
-1.2165601493811278,-0.959427753141868,0.7675403708236122,0.8160453709337248
-0.6711402773965811,0.7492229272008546,0.7473982630658673,-2.538288268418553
0.31200947155124387,-1.6873476944133516,0.1566731694279908,4.617081006894127
1.1553120361066962,-0.9302646872700508,1.7398312674634036,7.150949130993091
0.6087614722244398,1.5163686467253361,-0.45834307423431486,-0.8214187928387815
-2.2912895085981,-0.2608998230008499,1.343451885077172,-4.545676458341832
0.3043667290302598,0.8399226051327979,-1.6994423682712148,-4.475442688522296
0.07203357323257792,0.2369553887192461,0.9593243761540178,1.4701810366238366
0.41389028537269307,-0.10495815600017268,1.95378965532772,3.1865754043772636
1.6162096816512073,1.3638503249326897,1.3863928651512674,6.016881552598715
-2.063238276804743,-0.23665882465190033,0.31865887724023745,-3.080803939703301
-0.5911034251911056,-1.7807381075634705,0.5070642573086426,2.911980536704125
0.5909063227933546,-0.8032400919517051,-0.5868418022522128,0.7937010164984541
-1.5815943994539423,0.5511917287016942,0.7179408730324157,-5.439508869719747
1.475949048053509,0.39550910636250813,1.0815815327253082,6.114059202900412
0.3683566127006584,-1.5670582502354382,1.9929139244714156,6.754400805733713
0.846583985843404,-0.724342519408201,-0.030148331998268052,3.4420984125169913
-0.5709436615217945,-0.5817213492022466,-1.754783736906231,-3.343791635609329
0.8137636899662105,-0.365469594114225,0.38343180292394097,4.5711672769649585
1.0684715559890383,-1.3759135886015514,-1.5239034000713256,3.1866979412153467
0.23287802013716835,-0.6283711081194786,-1.0209398257755598,-0.8237096888261719
0.23440089269869593,-0.7286104852595274,-0.684880354777051,-0.5084526864329755
0.2703432392817259,0.7715332597619193,0.9241194925936425,2.1283179683919986
-0.8633452647393817,0.8091213109902438,-1.2647675044859978,-7.060131283081566
-0.14752868024035293,-0.145810458088816,-1.3369882126305899,-2.4474883754104275
-0.1525225324523588,-0.3920397958707315,-1.8201430300046901,-2.027656650426983
0.3833938643534951,0.1399243120391134,1.4929597454155235,2.8660163078499097
0.9998242469102946,-0.8165751074555749,0.7740216974242426,5.7257178724605655
-1.0585360819784093,-1.146832082167441,-1.840214137529494,-4.302600648330605
-0.12500903031957764,-0.9402212089257169,-1.8868307774475417,-2.0853966001180426
1.4814555476589732,-0.6348131639714567,0.23469718590022426,6.9403146654632
-0.7435882288125641,-1.163473799792271,-0.8698623948531559,-1.9506209086747421
-0.8222500172903203,0.16205955906287475,0.38690540172771515,-0.8894672425375061
0.20230619183119358,0.7297156737837084,-0.2615832972761387,-1.3508029348192745
0.8443851904853201,-1.5870983007982418,1.6932502492410184,8.830942527750445
0.01142605556065933,0.02512871121603335,-0.8487639401545284,-1.4275605677986853
1.3289605904369892,-0.21993579526633558,0.716581473755574,6.725994769081739
0.8567939825665268,0.3415086855368029,-1.7837827535256032,-0.9971767610624956
0.8418200668900618,-0.012938768103588062,1.8234421367557014,6.492418202447161
0.5541165013240933,-1.4535992799316308,1.9230298716334087,7.4659881602092435
2.327653100346085,-1.2623892988571654,0.9562985160656496,11.74588873413654
-0.2051616888660442,0.029423575584972723,-0.1391501137457074,-1.6769129790678237
-2.003522292066514,1.0287809197455093,-1.1200262426909546,-10.27634652039784
1.604254361517141,-2.214187371043003,1.2500653609918588,12.954088887259779
-0.45769943095682564,0.34572657980157995,0.9454163885880891,0.332259647031107
0.10788044434303304,1.1896220052876432,-1.1121838417562038,-3.8300645991883178
1.309550684860527,-0.1530258762062131,-0.19513882337093724,2.2739851082957223
-1.6022595410589253,0.5502024960264408,-0.1488042487328598,-6.390768082548537
-1.2516472141061394,-0.7030690808978022,1.3056421998908365,0.51828644746581
-1.6012779371188537,-0.11936619927687682,0.7353787373363061,-3.0613932738693017
-0.7941362900254239,-1.6209135183081516,0.5726701741602205,4.15375532677951
0.43963660601699356,-2.344343308418874,0.5993096902531136,7.6534793970676525
0.524187842812771,0.9427658012252752,-0.9181196824700844,-2.9817628540914143
0.27627417932855375,-0.9849949277244419,-0.513154960681864,1.3442010108772622
-1.4127658838923665,-0.4555278450034305,-1.8173508582531754,-7.638488853096363
-2.310103436632644,-1.3864422532701932,1.147764543248495,-1.9537878380433433
0.054353585390382264,-1.4099697030838758,-0.2680071393207446,2.8768373994225764
-0.47177603363833576,-0.17383770009461635,-0.2470465716497059,-2.241538262119236
0.45938577171661177,-0.7295771941356465,-1.0185749402654931,-0.29698489822889873
0.7019536262212701,0.37797099799469847,-1.1622908741622844,-0.4865597882953909
0.13824143205868192,0.4525384189795919,0.35128771827611693,1.4801470495787825
0.7601330853758538,0.32084964632460716,-1.069787939185297,-0.6307027130584059
0.22921137411506842,0.2386007909284437,-1.7431645937381424,-3.063693596544244
0.5300647056014667,1.5777682049318862,1.0700296639235933,0.898672200130739
-0.7046732628698824,-1.067593769044886,-0.49412226237453627,-1.9645144838319961
-0.17961141383145854,-0.05493486620291775,-0.4790576644027822,-2.5081350636459883
0.19677609665695725,1.1326898205195888,-0.2747268739368347,-3.2199950831611686
0.8205284754174188,1.2645398093380364,1.2601792936323752,2.3563031947610997
-0.3937411722245721,-1.4217636493445729,-0.7166524162407315,-1.0325936596328016
0.5211672557321126,-0.3123554416558699,1.0321448450313442,3.668822736654871
-0.265838791915379,1.3581210958672605,1.758179363118173,-0.4126913722655711
-0.11754216732813036,0.5080791051990653,0.6434727836991976,0.5953642132950052
0.829519042024073,0.19526303147977275,-0.27327567529190144,2.4789249924046253
-1.993060371054156,-0.21768469343465674,0.9911588925866588,-3.501664715145784
-1.296472328074761,-0.38380092570774543,-0.16841052099445797,-3.4173914292225205
-1.4821853974428207,0.2882190630903242,-0.34229091556743674,-5.811033472433857
-2.3336161198483047,-0.25237412498448336,0.10113265429073293,-6.370905358050228
-0.6782644401551767,-0.04257862104444418,-0.7291106607628248,-3.427222541856383
0.7494338997277404,0.07859870611503737,-1.5829991348799952,-0.3660119222353153
-0.28488406638257474,-0.6780715284934992,-0.34059197789533924,-0.27145674631553174
0.19779008194185213,0.5321293738814383,-1.5045724754827923,-3.6432603015796894
1.0892174967107926,2.9142446484154196,-0.35823410577821324,-3.862970852921182
1.3276861322676916,-1.7769866393260751,0.22773488485380122,7.256918368523064
-0.06913793472613955,0.3240125241899799,1.722844724822587,1.5458073873062963
1.3535858895693973,-0.7601900886189056,-1.8551106758187856,2.2661699703754024
0.09212665843410921,0.57740257751925,0.4858336260077767,-0.26436835718385143
-0.8373982238274621,0.04655747332786092,-0.16905925339969086,-2.8021281079210434
-0.5944003521987352,0.7618547740424635,-1.9189554871834433,-5.289278118599093
-1.4805365125650163,1.1755065765087795,-1.0018072962451186,-9.955604682389037
-0.8881338537336524,0.19242111776818133,-1.5260589905807938,-5.847833148520251
-0.35801668807442916,1.1320522884141782,-1.132823417074221,-6.778872103292152
0.8035850193786016,-2.3442978937886774,-0.9017190261563273,4.532722379524162
1.7207698311659838,1.5904522979160232,-0.39477465847121485,0.3443736234922271
-1.38218151537704,0.3750621518923401,0.11615757395556114,-4.127652278327941
0.39282746825991893,1.0778433557451819,-1.9960400242944556,-4.185170701476839
-1.0405439391575344,-1.2198757448415216,-1.3525225574850368,-2.902536167570301
0.47469708846320197,-0.8307698816053357,-1.6257344575647972,-0.08184735422002878
-0.1310866506877266,0.14593829414477413,0.1986935970509749,-0.5476927377939049
-1.8309058258475304,-0.017037889337463016,-0.6837005183949207,-8.23095378544215
0.9282969915684843,0.2830685880099896,0.19359094413887235,2.973148932178108
-0.605000712808731,1.0845151609299661,-1.1127067913012887,-6.048076605342248
-0.5339002383735546,-1.7652203153028492,-1.9030825836496605,-0.7158322832760162
-1.06975241128969,0.9738190717173091,1.7654676050809872,-0.6463792753809088
-0.6542832766875555,0.008281909957927018,-1.566767515244024,-3.9785380862983915
0.4278904406949172,-0.20378186112454774,-1.4925650081531328,-1.5148588632013755
-0.18924434093640552,-1.4711152343848903,-1.413812693959438,-0.8112318188887034
0.32866200228248105,0.503048668376865,1.9251060959730908,3.1223349228164055
0.3619218539288437,-2.414107851031037,0.4706409606799844,6.687740795129903
1.320661655528167,0.6483940112387127,0.44115980681540234,4.762564305178011
-0.3427861508643793,-1.492105835472992,1.9467928060741184,4.999400114653713
-1.4768578168457318,0.053457912617474034,-1.646244922901381,-7.349433351977229
1.067222416571983,-0.11916883732792043,1.8980035701691564,6.761703370847189
-0.3314881720972547,1.1695381472938837,-1.1839474137838364,-4.905867310843972
1.114592444577377,-0.17865516901389017,0.4922860142481418,5.238681464856747
0.3833771131824704,-0.6941385611456656,-0.3196657387888333,1.5165324508243319
-0.13113753020334493,-0.506602695971203,-0.46419274609128713,0.33279319427177945
0.3487758940462951,1.2728827687546636,1.7249733139178502,2.1422621946874214
1.9510125601262995,0.5362969691808936,-1.4030890862389742,1.5978476422031431
2.076980529053753,-0.3856299815231613,1.9882760443049743,9.748173196866285
0.0693811351327787,-0.23644641996451343,-0.48349975563380587,-0.5768389335645507
0.1601905933170753,-1.567177090585447,0.5950996155542176,5.549968766913381
1.0762401574663856,0.388474200851541,1.8716269259334406,4.367424277390316
-0.8456610327673472,-1.7598157076954657,-1.7695957984841009,-3.0380040473843977
0.3330703726182551,0.7517964658354561,1.6914574517007623,1.8526329932813868
-0.0258628479538564,0.12862159249126584,0.2712455414173731,-0.20635370081185905
0.3139082114575536,2.3869517995739225,0.8175875159098092,-2.0943622069986545
-0.8333688059494058,-1.1001355537243058,-1.4032632644546066,-2.813535250244486
-1.589567493308969,-0.10266209104063294,0.13354972332412895,-4.282169440631931
-2.0729834359912918,1.7982877009230627,0.6940548589009747,-7.759071782831097
-1.1173841129896078,1.1913896402914144,-0.1750107704492727,-7.114300237173431
-0.458675284939333,-0.6962120515798997,-1.3800592875757731,-3.252345609678539
-0.2931915866487618,0.22396742837344774,-1.0235236996576935,-3.478269990910179
1.9372311624295169,0.001999356415087233,1.417571163973994,9.189013417270175
1.1059933699072981,0.2819558673941572,-1.8621160286689489,-0.626730313267909
-0.9620911163416273,-0.6986804359848298,0.8354483137632496,0.8490431996564318
0.34770845245095694,-0.08932040270073452,1.9975601460581074,5.49188983073202
-0.4070782363503251,-1.5980523752767137,-1.9700680155729335,-0.8014816113086145
-0.28436383804009513,0.13512345186808206,-1.3558172687202403,-4.539511865851795
0.18532564941538202,0.45002067342183205,0.6965772035725379,1.459089987556838
0.6191711169753933,-0.227419412643884,-1.760036661658607,-0.5695661123234139
-0.33925848388401536,-1.6150508905847878,0.3591599354234356,3.1609721489258056
1.0638515327343585,0.9885318628514624,0.7360004142442245,3.206529456012274
-1.141938226142404,0.3645250379928023,0.35258539245628073,-4.1293015946650256
0.006339062362268442,-0.7260150977009768,-0.5392611879157312,-0.7433004476314643
2.5976737265958323,-0.28060044683806395,0.7891291839465557,10.378907657585533
0.2230797426252751,-1.5006694027818388,0.37717771205528194,4.659784564342671
1.4332145066061728,-1.0254101277779044,-1.169451311624321,3.19252212061377
0.09152017817320818,-0.5378113463571395,0.252542174340439,1.9758726213479205
0.5807770953297967,1.2284208122801512,1.52762886855571,2.3254053500619887
-0.056783194392691534,-0.6395033908874757,0.6673331427617999,3.587926940464394
-0.17040758116420443,0.6402136593287587,-0.11283397042461152,-2.198882372055866
-0.7794823967254196,-0.5383162028615798,-0.7136635885221954,-2.946265689519269
0.4303013589575532,0.24794756085187486,-1.6564551622497086,-2.5731118297979187
-0.8515371891857679,-0.14139550214380217,-1.0214914689638852,-4.430016530704862
0.6655852363134291,0.8730566000927434,-1.9552529876524924,-2.2673533384332725
1.08528700444591,-0.5348113382185579,1.9465036700998577,7.722300518191114
0.36653140723722993,-1.572528250002441,-1.1100709914850402,2.0568822936146103
-0.28624873355569186,-1.3819490313636327,1.2595037707414907,5.173082205305125
0.4539655793086961,-0.5318774939427574,-1.3254204727800856,-0.5533787322962431
-0.3086730555464126,-1.2490599706780527,-0.8655954015777043,-0.540885756506511
0.9355471254651493,0.4102120156795513,-0.326890723086533,1.7673737174780448
-1.8314060842151236,-0.4657681648580778,-0.7023773434335796,-6.957236594296162
-0.3356073681186462,2.3746065500264315,1.1934032510394443,-3.407035328236481
-1.9908119951239978,-1.737714595137132,1.8307736320616925,0.5291826202480643
-1.495060830227205,0.20363317870980122,1.501177934603394,-1.6090202098492523
1.3638622298139094,-1.127953023505669,-1.3856885322089738,2.8218689375307906
0.895184981971686,-0.4934013403826786,1.1067547053971611,6.302776573918365
-0.7194802332847904,0.14141947334054417,-1.4082123467811543,-5.467515727312379
-1.502503456040897,-2.325371374874287,1.6535244262484055,1.5822762466458071
-2.964528837841651,0.23682611678802748,0.07151430267431369,-9.306594457439369
-0.5434955079326346,1.9029074622741677,-0.654475647773173,-7.372653900816172
2.4204150122474024,-0.45343829836859284,-1.3718980106632288,5.115062011992596
0.4348842714636474,0.2598078568055095,-1.9527636472839816,-1.0076222654558733
-0.5595722860494895,1.0249216931253993,-1.008212033356461,-7.117257680284678
0.46508020950030626,-0.16395350002699655,1.6560802531252476,4.13500841767225
-1.5609583529944429,-0.5809601885314832,1.18904876908891,-2.5654467019514797
-0.29732336269763543,-2.2757364037217522,1.879174831002878,6.181341960039755
0.09947747301573849,0.6409907193949733,-1.5969539155145078,-4.2594732369776915
-0.08610065182104851,-0.11316840972889723,0.36871497402267783,0.6923020471705654
0.7908061216900806,-1.0126838513881617,-0.9713981038768935,2.696134442442822
0.34464522623605237,0.12659671027769356,0.17176682308962965,1.8959448378451373
0.668326018107997,-0.5836803568061814,-0.7181804577461794,1.252791558187098
-0.6883722822307594,-0.5284261311155256,-0.86613779902657,-3.5531921006767164
0.8978154084105481,0.6062911561087082,0.29538120809838997,3.072510389833784
1.6289369476239914,-1.3383824113238445,-1.2667273525218388,4.6873668042417815
-0.9701495196514126,1.0473152860737585,-0.12346625211153262,-5.947326577135176
-0.8876956557145598,-1.3976861631184037,0.6032490601761391,0.6328744452471942
1.3357843363202329,-0.6627014083552638,-1.4872717072687838,2.0342941407558213
-0.19134398669506028,1.9229461940665773,1.7223770835076162,-0.9260729641861739
1.403821392066557,1.1273547616424222,0.022898797816499172,3.6190221256529904
-0.4425357118921839,0.09760399249544019,1.278111887537369,1.3927305288729577
1.4550455762707113,-0.9405302155012165,0.6156217224842533,7.442846950712527
0.13148581680545218,-0.5292723066998932,0.8400037648901821,2.857463316686659
0.2582288233226952,0.0732753145856964,0.8645237639713521,3.2968630828361256
1.5647180216699044,0.03752323233959842,1.5003995882458905,6.376445881828256
-0.36177047744417123,-0.09087092962596285,0.45442174018769643,0.7985004342225615
-0.9411220959249583,-0.03083251408418433,-0.8871313931144416,-4.515092186543534
-0.44856420802835434,-0.2143751097051141,-1.6019614285381714,-3.6100900099771236
0.4523339506431387,-1.4419787356400129,0.4250024778005659,5.324165270195793
-1.5657590721805144,-0.5165107421608328,-1.7345887849176758,-6.228645207806298
0.6374709026511215,0.9146240539868465,-1.0348261932418792,-2.376499372115984
-0.5387713176177432,-1.3683342975511175,-1.7571712615923532,-2.372379268432737
1.1478126607335635,-0.18955551153927852,0.19555035602626836,5.700756924202814
-2.3942603049004716,-0.819753928770844,-1.3586475002285279,-8.72219076156238
-0.7865657751041687,0.11135042939811132,0.44162927773389304,-0.757132601346992
-1.686468151234102,-0.38863318106681816,1.1634605234530704,-3.2206294683585264
-0.8262294663639526,1.477393664974669,1.2875228830874494,-1.6595091424668498
0.24766590110894313,0.5065831541902538,-0.7618259674494903,-1.3127654523486338
-0.1792266254497549,-1.3118031657772113,0.19581813077798405,2.6905173921489025
-0.25337756894801494,0.6712280116136986,0.2520430403454359,-0.9633000996172731
-0.1591848713800608,-0.774651856262063,-0.10845127138333366,1.1379933208741633
0.20338824061994343,-0.5769963713775336,0.6204555656990594,3.058426591881862
-1.0085360419431078,0.3138190201071218,-1.1596515047058658,-6.020252207702313
0.7068496408990508,-0.49174741973013475,1.916972958347177,5.360033038373344
0.6626659703854839,0.8928558163229553,-1.6076806916362703,-3.22180311483126
0.385037937656101,-0.7745100615133954,1.3168845648124767,6.396805813327085
0.5565334427512632,-0.6189465525913632,0.37638394780475126,4.692433672604679
0.2964180008086595,-0.6563708935481088,-1.0205810112251363,-0.8497029407589027
2.0350733027310675,-0.5656387483550389,0.9827000026411992,9.218988875987945
-0.0870941710525099,1.099191555547813,-1.6620764172917122,-5.899093839074469
-0.30708321833457675,0.6287962936103031,1.0976713377951324,1.004451471838279
-0.7535275803573779,1.709943954012071,0.3599408889720541,-5.323803263154414
-1.0322626705778368,2.2676442038992546,-1.5569987264143936,-10.382092016072706
-1.2444717876010754,-1.0307170319323398,-1.681977747630519,-4.1306656613605846
-0.8887973132309185,0.07041912732728889,1.00334533374585,-0.339180716297516
-0.07068038165207131,-1.176200316643433,-0.8282563739846514,0.6371435190372584
0.3342951284977145,-0.7776059277482671,1.5572074030688539,5.3448031383371095
0.051142058552161786,-0.6300825102556694,1.0482920841207042,3.863608729633235
-0.765535277429713,-1.0571548741382744,0.7927609788708643,1.2705131476417122
0.9001845640199633,-1.0518872728984137,-0.8855757894661962,3.1935138804571492
0.7394126723009475,-0.14428437852025486,0.8357780760864717,4.195698004822534
-0.159648307422017,-1.216718418386407,1.792590738059336,5.125845040993614
-0.652916144664712,0.8421269591376328,-1.6337606625177243,-6.6869788023034555
0.5484279208297995,-0.9177535374175142,-0.6953494319857358,0.8218813442678983
0.18797358748610446,2.809568970096392,-1.0613109381536234,-8.100576219297096
-1.4481272594150476,-0.45138445096439517,-0.4269994623973332,-3.716026941050008
-0.0679802559844049,0.07201764191705222,0.9693306194157856,2.266705612155424
0.26203581207438104,-1.2953411844660352,-0.10302967429845378,2.361842088998172
-0.8996947864877538,1.7060917581276394,0.28292242448098515,-5.060048845401652
0.189843392837443,1.1195006808029162,-0.7433804476866306,-3.802092230771315
-1.4548224852577891,0.29691587073611253,-1.4348429316515978,-5.512784405062252
1.3361861000121709,-1.3468025487795656,-0.9322654042490859,4.492833431363498
1.2479499850594318,0.21066687772462028,1.438721204967948,6.029951063899333
-0.25251733430296475,-1.121431046017255,0.4096678486136418,3.6742436807238037
0.36345433783907316,1.4623552634733608,-0.4880453072110651,-4.529773732047236
-2.409921965799875,0.8091947318531727,1.1596239269423503,-6.032172662323366
-1.1563476602653329,0.09543903848773612,-1.742170270180365,-5.219875280772179
-0.2937789201521298,-2.4363756632473224,-0.9844356483104573,1.4111952214446555
-1.0721330214268592,-0.9834159786590306,-1.079587383770643,-5.108167600457506
0.7143964826306588,0.6877611315998724,1.9414582486728884,3.286787950242209
1.997296530747994,1.2128836917231558,0.824394329571041,6.7866948344302065
-1.176614719429302,1.1091698114921316,0.4711437455542167,-4.123217915247032
-0.8374634040851927,-1.5920130022414554,-1.9800601388221084,-2.6678055613993514
0.23544836830993032,0.30155230681290407,-1.2627599916405705,-3.2352217727178103
1.6111161484996208,1.0155152164829295,0.5421651718923131,3.9585034381413142
-1.2223743125399031,-1.6583355655822452,-0.4811226940733371,-1.485937412374237
0.24903612230694197,-0.007904515373236347,1.6971215347162434,4.675749419014334
1.8212988508131087,0.27384239830845625,1.0588968765670317,8.268354861067785
-1.6517591481792673,-0.3007645848467349,-0.21046370878352016,-4.661279944198221
-1.281069206845832,-1.8521618554012016,0.9980599101530818,1.450228258688635
-0.42360660646083825,-0.3256981100737287,1.9016172953048862,1.2883516278441998
-0.520588412855411,-0.327305430255024,-0.15607670119411754,-1.0002093715924396
0.8126012877536446,-0.1480724045477542,0.5701035515541335,3.411276581788419
0.24165971982083806,-0.5634714254250696,1.6746584602451806,4.677858622033494
-1.7749620596421283,-0.4430121532414673,-1.005301351855307,-6.758926998795548
0.5154104029008109,-0.0397062823469779,1.5462316546651134,3.828422887481257
-0.5775388873556505,0.4424546049697111,-1.6098211729080694,-6.332225388039379
1.274447216941239,-0.3044267628566672,0.5937926823505859,6.044835955157981
-0.6275875364369197,-0.4096489283680019,1.1313526202231374,2.0040558603111522
-0.6366152831022357,0.09235403825445808,0.45842487700970436,-0.02388229470750458
0.5411316108045314,-1.9209159258951816,-0.017860783389827883,5.8365845871910915
0.7629264823369366,0.4770351272264581,0.46938839970274415,2.7432915608948556
0.4480993639362036,-0.0005630971229588082,-1.3933451648822217,-2.129802483086841
-1.6855973173848082,0.039693526597561826,-1.1377171586791266,-8.608847384477917
0.5380344399282511,0.960734307594464,-0.9204026241746321,-3.052515677387577
-1.034308051674399,-1.9528155300482481,0.3911173625201525,2.233326723440936
0.2352761115882635,-1.9738338698589637,-0.23239570501971807,4.198204215481298
-1.4237344353990602,0.27380384532351953,-1.0220966300566419,-8.848352746023927
0.44632214754306365,-0.007116855128515773,1.5312373285783205,3.8008791676927647
-0.8065989043073726,0.17017694319193222,-0.5043126388271064,-3.366612608562591
-1.2826346502605217,-0.46212707517244556,-0.21587312308043538,-3.510800369501289
0.7138201364823995,0.6643536742399312,-0.3611956938040217,-1.2393322598689196
0.2416445216767513,0.93263884299112,-1.2722281788929894,-2.358545246513726
-0.6139768013928971,0.48398229395152703,0.9265080617209334,-0.43157182939895644
1.4511788490210642,-0.26082845840458313,-0.20616695092456805,4.530098623910847
-0.44065242156974244,-2.107689387614403,-1.9349715604291262,0.36983531018202265
0.03210767397093466,0.7692362080371281,1.856054809439188,1.17930061835942
0.2689134476786009,1.2217286662175928,1.2630544463816546,0.713041433803813
-0.6196659341286136,0.64455841198398,0.8942374163672131,0.6762533950310758
0.47113629339992935,-0.8796424273675065,1.476367482074116,6.861572569320951
-0.5334523471647244,0.6737943936677578,1.627229014422201,0.6226345072105987
-0.4116383222162092,0.8605297079614455,-0.6500411744622454,-4.368229499004793
1.362642639803341,1.5588162477990857,0.4438347136667944,1.556190615784717
-1.040586052512433,-0.8761099242279576,0.43523123682237674,0.789593100672298
-2.41278033092949,-0.22645458454413847,-0.9308013247576121,-9.781920912212891
1.6109369950118944,0.7472720511434552,-1.1121909942117312,0.8465552839645492
2.549327952607003,0.05741007143815779,-1.5443709807239117,3.3866381685407
-0.40526926544933184,-1.1173276020512748,0.6372567836658112,1.3752248370630047
-1.9368380406201853,0.414616285026703,1.1236759641231195,-3.711855119400005
-0.31048397619594376,0.5786616338151667,1.0438119180680152,-0.06216180211743627
-0.2862229498406692,0.08796289633100199,-0.7348984912601026,-4.438547491726597
-0.18992384102225704,0.21958492717994416,-1.178960598139191,-3.4031434625321553
-1.1133880419218483,-0.25870590168573016,-0.18554328618151228,-1.8921373487702187
0.5795611424764774,1.4782789357160593,0.18725384096204234,0.3133020762983194
0.5245073752860862,-0.9006921837126766,1.676348511874223,6.1780875881438195
-1.4944056198193065,-0.5873207627637789,1.4992926170962164,-0.31004952298478067
0.6991967316948878,0.010985513527525621,1.6642333252073107,5.683927363641742
2.052684981945891,0.8789540277008926,1.4010495405439185,8.142519228148851
0.17196033243705985,-1.4973731700945367,1.858324817745245,6.1469953792991765
-0.33732516206850605,-1.3102967497654392,-0.13800001132377027,1.2198551660263253
-0.1420032144075213,-2.037728507734718,-1.8101060102676225,0.9453722366278234
0.6152567669685612,0.03269522525327079,-1.665751871406087,-0.8183920514572907
-1.7306716055072182,-1.1183058172065439,-0.4388954329106274,-4.323376231077472
0.16439070297730224,-0.3845501100179167,-0.9692516349080109,-1.2951746384410632
-0.3904639494628101,0.661378189891708,-1.3202376345557307,-4.434587740831219
1.8478250129560454,-0.6415427207828466,1.8128150980345943,10.585793358061748
-0.17417273380495787,0.23128202274336457,-1.2183216463575102,-3.4664586700140934
1.6678876111195198,-0.29933790775172203,1.837517089260924,9.699636163783625
-1.1037406977820072,0.6721143150964368,1.0433553612848283,-2.333668993358558
0.5872591668027922,0.4751280673480088,0.5637826885008939,3.5507646561957475
0.3194002637912288,-0.69193369617461,0.7040758403575134,4.663818100926677
-0.8690472478647824,-0.16865175340045263,-0.674102705363504,-1.8527095745360613
0.17739611463694044,1.0437433977204944,0.5857081522331287,-0.7316668835840915
1.2125188368316004,0.393376870254097,-1.2532315268749388,-0.48173481235343546
-0.3237917042866007,-1.3969620577511315,1.750821730143918,5.067224915942638
-1.6919626491697632,0.6556180611713827,-0.7928266401576258,-8.246080080907534
-0.01756282647744591,-1.0846106224362382,-0.9792539508258313,0.9913853347730954
-0.9024230947925126,1.412513069961006,0.84465119277663,-3.7569390453717806
-0.3423409386638824,1.024098839841025,0.6257948722647275,-0.6845524322118888
-0.08158776968512098,0.2898854759184008,-0.19480432662677893,-0.5915338566569144
-1.7056522160155172,0.1572328434361934,0.5297849387631453,-3.422125532885297
-1.615658339320678,-0.20903225602742,-1.3620277129565754,-8.036468548640295
0.48206683552552526,0.6785239514000281,0.6933132296078202,2.9918507641286465
-0.5227186961696804,-0.37077816946206166,-0.9175572192192245,-2.348430383441715
-2.564744341820567,0.23556987063989387,-0.9086560932941707,-10.111698232751435
0.7848440366081351,0.8719343665194511,-1.3512802602248617,-2.174302073157312
0.27236975527423984,-0.5618065435255897,-0.6704914598553415,0.23488457317693076
-0.713874824036484,-0.6161927399906946,-0.6749957587546875,-2.8390360633527747
-1.3168302110582415,-1.194365480724459,-0.18328395319092294,-1.6599885744344034
0.8358078963143372,-1.0644727461261723,-1.238321981334602,1.8224506164553753
0.3493506225604296,-1.8283953114415024,-1.2279698553649347,1.2854500800910618
2.3826022826840734,0.7298287890155296,0.16695428665291345,5.452674399632757
0.42018859872493736,1.8089145420827708,-1.4844903813180994,-5.872522524910272
0.3877031412620148,1.4253289434703056,0.7555880319553405,0.5250944979067557
-0.16692793010856513,-1.6260844886265164,1.7757885034503862,5.669703832619392
0.816775867200791,0.7248546715562,-0.29281751334248707,0.2854060594745247
0.6250852012481537,1.4221063499235564,1.604421252602707,2.37991630371235
1.251725008565195,-0.456809980738664,-1.6067336354965422,1.2316073657817956
-0.5213229186372847,0.10144743065004946,-1.8281694904974217,-3.642087354498736
-0.4354074729439623,-2.0078930508046704,0.8854755100553597,4.844814209293502
-0.4791031709119801,0.2667361679766415,1.0440862919259861,0.31921601734700533
0.7908017211789892,-1.0635597294347174,1.3722329638630053,7.778247934766144
1.498374440296732,0.19963501791151453,-1.7727292864000743,-0.12874603868218548
-0.45884049314930064,-1.5612029221888803,1.1076282198273217,3.876434834110908
-0.42477372779309125,0.5428582244775959,-0.49384506881367285,-3.0953317673801166
0.3140772238697992,1.0245126754266898,-0.7866494692712056,-4.446962132314588
-0.24576150001290142,-0.7831798617151676,-1.3079043146268123,-1.285550212079906
0.95205365313989,-1.1369225814104345,1.9840630204101082,8.93524311017294
-2.2517772906190467,-2.156023042549981,-1.7453456427245455,-5.656319243212266
-0.8267050469168946,-0.26641353407517704,1.3080320584319978,1.1540078062757515
-0.7824163339614458,-0.5815939342816051,0.5579777419621101,1.1877150595157113
-2.320356012386145,-1.5510194123480547,0.9403217770474686,-1.7625381275617054
-0.9636384443688041,0.45301875631217164,0.8468684796871857,-0.9418800587373628
-0.9151561158459262,-0.44997038186464916,1.4337379402927302,0.656534839557805
-0.20110465451883033,-1.0757359586452324,-1.2648317205755668,-1.6468341841619765
1.1129658916602636,-0.5545724056404471,-1.9967015326612585,1.156511587544992
-0.24506065119070236,1.0713045389296156,0.39411395617306466,-1.4859673246277598
-1.0308137202711538,0.6029369437552222,-0.5845654427066642,-5.143247815134489
-0.056954541213528984,-0.13002606149848983,-1.5048506755314492,-3.033169673441238
1.0491736214413494,0.6191050184648526,-1.2554449835830446,-1.832625989498577
-0.9759588161149049,-1.160911956386739,-0.6730027501631084,-3.233957724894312
-0.9105748839214486,0.03237010072703053,-1.719066516453187,-5.487329552596292
0.5585489592742234,0.14732233048647056,-1.7723471914861966,-0.2673881640614275
-0.22153611573080054,-0.4698365084987269,1.6641050193297766,3.5376218738409007
0.6474846907094743,0.43545833595741784,-0.7515890025852152,-1.2476918487232354
-0.013646791795296761,-0.7804334546444512,1.9289227898943397,4.86592084920654
0.701663648089567,0.5098207077761179,1.8574680333215996,3.795271381386963
-1.0350781140406409,0.5518587715312919,-1.4297148706915448,-7.443945059650068
-0.01208465078826744,-2.917159880697066,0.8596972115847636,7.400079367997008
-0.21069001436315682,1.1903057035101177,0.4032195565082768,-0.8496220786213214
-1.2158909241041307,-3.047632565352754,0.7625882924206144,2.7425324849624464
-1.5634779478686884,-0.6160490255561253,-1.6152359999421009,-5.896872512963212
0.6857490352746618,1.025348034257755,-1.2457596854617679,-3.160987496787019
-0.3509523822179781,-0.31728672525244067,-1.693445354196474,-3.6829863037705057
-1.0222802816473295,-1.466185982469542,0.4165368208682847,2.2639391999585796
-0.09617893692333225,-1.0937370617166706,1.9463643033963645,4.189943860945938
1.1280188573493026,1.0269057463206197,0.6879381506317657,2.75903358321584
-2.280737845371923,-1.9215045305486382,0.8430461400877185,-0.8504619002430521
-1.4966386899033264,1.1289911009620173,1.9383401661731243,-3.658566947381268
-0.9228864418952676,-0.05510209904228934,0.7120462166871846,-1.0076016410567719
1.461178866720329,-1.1923953304424335,-1.8392737094861187,2.774098282893159
0.2825869829192965,-0.5831150723026911,1.4680224034263905,4.392172588596258
0.7673172404612268,-1.0172243411016413,-0.5412868384848148,3.6876162085244366
-1.1401609191262305,0.8662252008585286,-1.9825455139411385,-7.849855940168901
-1.1195358752705262,0.7324278097628383,0.02893671024328226,-4.420904130341623
0.4478137167227104,-1.7191611338760466,1.7480600035050546,7.551758248067335
0.05827433093544655,-0.4035921185193341,-0.9706772512200672,-1.9554462792708733
0.5487388188641266,-0.8631856623442771,-0.0339473077886403,4.445064032473953
-0.18767099092845213,1.2935099684593703,-1.304892448870437,-6.176333327649495
0.278143726454627,-1.350099118126421,-1.7692293133342396,0.2831404241348381
0.15811908490510918,1.604229104685014,-1.6778202131475473,-4.949636523156712
0.7777673890849254,-0.033294739516937566,0.9080436238454217,4.259143931173786
0.8070082819444706,-1.1619344063800876,1.4562978829685962,7.308941151771637
-1.6198719943917699,-0.6772741840092779,-1.4268046429900356,-6.466848227010749
-2.2472685553408556,-0.8016188407684506,-0.8467257287581251,-7.385725165585974
1.0017453976515072,-1.274618402015506,-1.2198821294206907,2.9190244083009143
1.1877250932619365,0.09482685973037566,-1.8925768922942883,1.9916685010639594
-1.0206230195133374,-1.2279155506918433,0.21372547954793442,0.2656420521741722
-1.8598354065456286,-2.1803662087381888,0.7996886805505903,-0.7319941027134635
0.09903482100720092,-0.3796764708481731,0.5915099235402819,2.9577118004589265
0.9308382263505294,-1.8028561964178826,-0.44778581079100954,5.125830940294755
1.7975945224343146,-0.7521608680675204,0.22004098375962133,7.5823291770161845
0.516297572101451,-0.9091028886033559,-1.6236027734551013,0.5434434194110038
-0.37171669658569495,-0.8712160720258142,-1.3827851251092622,-2.3399264322350573
-0.8931306215848627,2.0009631015901537,1.7271784782119335,-3.754754901726364
0.011451291670654416,0.05641156716957076,1.0460309912795873,2.946986291575608
-0.2992647038852564,0.24537100899533215,1.6909563833006693,1.2103756995756851
-1.0150679057288161,-1.7763982963422946,1.666721137997469,2.830420666808622
2.0487556508632867,-0.6539631336369219,0.5975704684309626,11.258747126702406
1.785168402072131,0.21530262994151197,1.7129545924486607,7.393537292890389
1.1360486835554284,-1.0245289129130064,-0.3331835876701472,4.546144345443538
-0.9208503978091276,0.9080628435179854,-1.9855350208602363,-8.371303991593924
0.8550193242972788,-1.2026965859010301,-1.7497155366153625,2.099869200616621
0.6396264094979018,-0.2863661358651756,-1.5620506971967392,-1.1615316569341378
0.44254562420405297,-0.5860516399755586,-1.618586187268559,-0.8065657532441668
1.2496652670437771,0.16432065938191598,-0.5931904365989462,2.474871997194579
0.6353711428612774,-0.640490071855426,0.8050832284374305,5.680165251361839
0.7400142363043355,-0.27089362707093734,1.1625952264019799,5.913225820279307
0.6369062833722101,-0.23613009177798555,0.3608530973784987,2.2023531951488913
0.3407914080021059,-0.734387757391301,-1.4142553017720818,0.8136589952840372
-1.7836111297141835,0.48509386849711267,0.991606408592701,-4.644619084919267
0.08362107741055723,0.23838837483742528,-0.5807923234496042,-0.8019804884670485
-0.5561919588491252,-0.0886139452531673,-1.948026605312815,-3.565332535649572
-1.2798409576400205,-0.4304583334619581,-0.8776455178690026,-4.882183035667582
1.681816619300824,0.796544030519997,-0.6775977834360885,0.9731025097844226
1.7289953408857035,-0.23583424381418136,-0.9030178591275884,3.409169588555283
1.359220600295612,-0.3066972878259372,1.2474806127503424,7.205972957009652
0.2552134168558746,0.10469002988812601,1.0397055903763612,3.1633533521093695
1.3506251209526567,1.6965866829708507,0.7822081216505659,2.5983338764816386
0.012053180601825543,-1.340356208021204,-1.4439796859509388,-1.6860640195250018
0.20279727689777938,0.7698568930553547,1.231335638825128,2.6827300963220386
-1.093471370461983,-1.893171161238105,0.7087038466532949,2.401704012911199
0.39699130449884,0.21727315822862395,-1.2206492540744325,-2.4008994979363347
0.0603859284244171,1.5750828276087308,0.5923757211260656,-1.6862363299727283
-1.3026521168344645,0.48866852446730713,-0.06595343598527581,-4.832088591166565
-0.051197111816596905,0.1706250785397928,-0.2425997525750998,-1.8411521054429225
-0.07972956385680847,-0.5604494688030756,-1.5515073461104447,-3.696354565036147
1.79756116664464,0.03104720048855424,0.07321710338066145,5.8350350748577835
0.8942133285134095,-0.2520628154033563,-1.6002727641105454,0.5514409110898942
0.011445439091466015,-0.7859766079313554,-1.3429864509829335,-1.4559428197280015
0.248787309801083,-0.28987561547486984,-1.4698147429009492,-2.462135925499716
0.044212378104198057,0.19838116062643954,1.8164331162800305,2.7080777045926605
-0.20291398479554773,-0.7672170685306403,-0.8605412382244397,-2.3740672030672183
-1.0824271973882869,-0.8062818206846841,-0.5791827056159691,-3.9957997213067333
-0.15105187760692926,-1.3602434375921744,-0.7116775748158557,-0.21747249917596023
-0.7460982566525134,0.3907250260888961,1.5930017807125751,0.570272934603977
-1.2503155389231464,0.5453232619670604,0.25186364533955397,-4.347793092939239
0.5112218145475347,0.23166044423651747,1.676639595733247,3.740049552533832
0.39126465993323495,0.9651704927286658,-0.8003003766884178,-1.540958243834916
-1.786707511368078,0.08786763708072752,-1.5406613022722042,-8.287771983761168
-0.12268463749512722,0.3920109373657567,0.22487381089669833,-0.24582957400014036
0.9957013858999235,0.30383742563756283,-0.61785203283993,0.38278187286150617
1.0592237388963208,-0.09154001941820787,1.2076273339629933,5.7476184031327655
1.0258368428852387,-0.5308218281296473,1.5176936356466344,5.604440827075344
0.0389132069014598,2.214152615791911,-0.10970595637171288,-3.9619053274474867
-0.8450453279691511,-0.4519509798535085,1.8854360963420334,1.5353065374756196
-1.0836988273580606,-0.6658777111204364,0.21205202537762347,-1.4133580436749906
0.3446049047503575,0.43400982345010697,-0.9163184264547501,-2.3103612094342876
0.379280034365163,0.25185441529500513,-0.0440979386229019,1.0171813130980096
1.2873311116050654,-1.4047915476103274,-1.8507588303882896,2.7000819789431856
1.0999796503420836,1.1226782545637386,1.2160046410522702,3.4548221393204845
-0.1322286565311721,-0.09419457535083331,-1.5942597965823162,-4.002883059180245
-1.2442058788608694,-1.1109310952157205,-0.7650060459879802,-2.3483230284698626
-0.31910659701089783,1.188784114353874,0.2612661880197735,-1.9470172167489264
0.21723119481052466,0.625675571596154,-1.8280994974124045,-5.042781703932139
-0.2020832453894041,-1.2645419919479142,-1.682732403274207,-2.1180239790261464
-0.5778941080776558,1.7771828402577243,0.7844654304520513,-3.261349180388764
0.2528848149698989,0.6587973683661927,-1.712891627756925,-3.8594127540911165
-0.5039577414106104,-0.010196115625046132,-0.09166853501049399,-2.6931691545939107
-0.628066083725374,1.5902188056217794,-0.6452174663169985,-5.507418900804594
0.31145283430343956,0.15929778382964058,-1.0876823681743342,-1.8221171151113305
-0.4019925801292048,-0.02808307510403198,-1.2448844085453383,-3.659517610921529
0.24410438897835213,-0.660300116021989,1.0536451749303177,4.1761965112280635
0.2732040228521227,0.5818504393070786,1.8061687726011302,3.0787857504355918
-1.1394290010915746,0.4766029673239799,-1.439281031186673,-7.611888834720862
-0.4812411238654122,0.014680139889711287,1.8387248766965079,1.2215401743511167
1.4377769399164624,-0.789986353867603,0.37905001390041493,7.431119150395537
-1.1620795127342871,0.12992985416607386,0.5666416214530283,-3.2759917759701
-2.116654448970531,-0.06979878576213788,0.8397055125703274,-2.859106688672836
-1.8618451532425115,-1.333474318734201,0.8164755614183239,-0.6047038311320112
0.029109946576669203,-1.4718123513241856,1.279244432742753,6.8010123512097245
0.03091727803269891,0.5651533788097695,-0.06612539460921019,-1.9885803996997986
-0.11761085542512094,-2.601888315051689,0.13343435005880444,4.603844703225365
1.2141898289285016,0.20541052696125997,-0.7046919901463364,0.47502063293150865
-2.672834433102938,-0.4780830577538245,-1.5789696248675318,-9.887028609291526
0.3959338744308236,1.3082466068799101,0.6585607637048763,0.45343441647992433
1.5614382018035733,-0.49346820915387574,-1.8655601232549963,2.475550382023169
-1.127780764891714,0.659484214251896,-0.8974597956665269,-7.757395261386631
-0.3798065117898951,-0.3969138412377916,-1.623080542215599,-4.228109716945239
-0.7528919172286209,0.11374815348614345,-1.2370913707091278,-5.354616653206054
-0.8943460460775288,0.7368365309200512,0.5549236515895233,-2.901986715425042
-0.32626200502304,-0.46255571632458015,0.5139065208196727,0.9411492463052878
1.4274852836845047,0.996554884498404,-0.3157803480171517,2.4406337356757817
1.8373866754875203,-0.9936978771064832,-1.6393120940420354,4.448966667227747
-0.3359392250401477,0.2945928425583791,-0.2665043341623665,-1.498055685091734
1.9050602140644701,0.9226397227878528,-0.5890205125668264,1.8299840881251541
0.035576476984624864,0.6600374917903349,0.881836611423799,1.2737211782500382
1.753691026701081,1.9164448767354103,0.31610643279620687,2.321954936267389
-0.09329864965349177,-0.7634393173106605,-0.033736930652004116,-0.04254452469231218
0.1310578260461443,-1.379149251348588,-0.052071670780019286,3.9951643684076528
0.36547447264283456,-0.9943351084951194,1.8651875490416754,5.861422992883333
3.1788536793675353,0.660442566548437,1.025176886813802,11.30258665229941
0.8512855748447891,0.4979229342693786,-0.012081758159488754,0.9953463575679715
-0.7072645299514636,0.10225665964741577,-0.08310954844408958,-2.690739693685021
0.9689978702758579,-1.12295704910713,-1.8940835947801462,1.701522377342164
-0.3618325370843415,0.7668672933290608,1.7700370532792267,1.1866181590801679
-0.48975018290120914,-1.2247047776505404,-0.7233041129306814,-0.7874498077307919
0.9086013598921112,1.1589495823768998,-0.9762436724770249,-1.82035508781656
0.031085587771152785,2.857438423139865,1.9976357015506854,-1.9400548406334162
0.2785759145118061,0.3664511465715505,0.8747586860180978,3.214430753377634
0.013985221865292462,0.5831081356577431,-1.810544906802848,-3.502713952455406
0.3365831266054347,-0.4928597688955594,-1.7524580918976942,-1.9503747135301022
0.4249658974361492,-1.8102133210868163,-1.8979937441592085,1.5675085976917047
-1.9369669327054153,-0.6027193630302223,0.39847559805147625,-4.144142297624325
0.6665726686095336,-1.0928952410987494,-1.7137419997521928,1.7253801164113665
-0.9820194198303006,-1.4470045764150157,1.7335534273797224,3.027760078640055
-1.4422991355594112,1.7223599419956492,1.7476261600907117,-5.791757089288
-0.05841124385868244,0.272862518025773,0.18421626699231908,-0.3035513641471917
0.08398100331445427,0.37968758061398367,0.4665557255838033,-0.20387238836687382
-0.6935061645722808,-0.30902236519624954,-0.8324223938990007,-3.718375363017744
0.8310318576679744,-0.17287108244343635,-1.7441098303669067,-1.2749793282123238
-1.342175166370907,0.9645506822393334,0.9498417807672621,-3.1454772347529625
-0.40694374877255896,-0.03233711869521544,-1.5928560450039302,-3.890853253552958
-0.5848741349330007,0.5306939380247327,-1.6577694359264274,-4.469107003504829
-0.04658727033933937,-0.19600429784501586,-0.7551075631831048,-1.2103429123747875
0.2788642846472388,-0.3421528907320472,-1.9501373606484718,-1.5618679175535448
-1.0078929496235447,-1.406914165601862,-0.263857536974736,-0.41962099727379143
0.7242826774562282,-1.977749062367128,0.8307236403203069,7.365240075944392
0.06300236833469973,-0.2615619010664018,1.2053957256877559,2.8403421603539387
-1.8919462533119105,0.05649669199323269,0.4172292151956851,-4.339945617176157
-1.958591440397031,-1.286130036708791,1.3874968124556504,-1.8645461283933602
-0.012319292929311235,-0.03447486503463288,-0.3739911849315587,-1.0900215964397508
-0.2209673177863541,0.053752562990502024,1.3950883402419065,1.469217693878396
-0.1034201135746335,-2.156008006059379,0.02589324199351717,4.150341656082409
-0.02798245653021798,-0.9151246594795012,-1.1078554880068188,-1.692342635747695
0.22555983951018072,0.4072638937354685,1.7765825866418639,3.0958273029443615
0.9476496098482997,0.3870587293957439,-0.900116504651534,-0.2678374069710682
-1.1111049009175582,-1.1536749163997606,-1.8951940632488276,-2.889237315871024
-1.1719715929007948,0.15844805049973495,-1.0293038281798923,-6.398917843124797
-1.0933238578873825,1.0224072253604721,-0.533249754970289,-7.387839723033027
0.2889166671687069,0.7770729589908982,-0.5946012668429437,-2.5407515146095383
1.2449473786464456,-0.09528578701393456,0.09867003777428662,3.2799782644256683
-0.4313394382395105,-0.4679763133242924,1.532507528143694,2.9240316107137705
-2.5016998441596545,-0.6293444843345044,-0.8306470915612034,-8.04861916036712
-1.7039928626103755,0.4678197829096571,0.08308243183667541,-4.07022027966135
-0.8330367227960116,0.19510397314288802,-0.6394441852460826,-5.114851905546662
-0.5577288874952148,0.6294040061022004,1.2870922374928018,-0.23937527121069993
-0.4083886272547264,0.13187381312115198,-1.3695939468460865,-4.83142545540135
0.038581122980917065,0.8187639503474419,-1.585958926759766,-4.372960090910689
-0.3117463308224471,0.09459253295770016,0.011981012950406988,-0.8212985052949027
1.0493396105434072,0.7846887161316864,0.6875503430619676,3.4452169665328594
-0.6760173056813688,0.8708227703666389,1.182100804363066,-0.2330566558618572
-0.862317959475543,-0.8045266302248135,0.35849941162126564,-0.3571779467490229
0.4788755385204616,-1.808144046870746,1.0953990452760025,8.410569420832308
-1.5356420699261193,1.5434928560145533,-0.4291597657563049,-8.565284157906127
0.3896917053200022,0.2566587307122617,-1.868529318934124,-2.220675230270232
0.10255318372626686,-1.7144858954961215,-1.5356027683937739,0.5180333817162774
-0.1474424899181674,-0.7138194972187111,-1.8451095950840153,-0.20385539590346724
1.5882761071492624,0.7718742923698284,-0.6842253980940294,0.7529548152826266
-0.6222074452947179,-0.279676831132893,-0.018034634925270687,-1.1528164216990018
2.0602981705240784,-0.5120614193191271,-0.5747300653722425,5.04903926960667
-0.2254314492280993,1.4008818603129667,0.24239790026556873,-1.5080302070843021
-1.2770164449702281,-1.0472871463838105,-0.07756340602884926,-1.3481535863382135
0.0699195809948253,-0.7981533577548339,0.7117712074557612,3.290748435514812
-1.0762452003187681,0.21138647504826755,0.6678486542536248,-1.4347972160112648
-0.7517558478135002,0.39045493205388226,-0.7277434115652821,-4.851349562393089
0.39703330001549114,0.4963430343407315,-0.6151421785556339,-1.8944474343846032
0.5555820886501248,0.9112380445689469,0.3405912865652132,1.3771185448107248
-0.6221677002542582,0.19857862068151685,0.38572987156336724,-0.8624401269250037
0.9874051450464006,0.48938393893840915,-0.7412003454514675,0.1089151279105309
1.157507758021134,-0.2592092593150832,-0.6787284568982992,2.0781865986182924
1.436301756563291,0.06269830323671424,0.7761800527445883,6.586922735437636
0.5294134071257222,0.10753418005363442,0.5896432915042782,3.2019369760849425
1.3634287120856987,0.21509813581903608,-1.4597967812809012,0.7199175786151524
-1.8807984279740577,0.7725398075827608,-0.23583248129842627,-8.337143554491496
-0.31790654862846257,0.555145681944831,1.570824314842361,2.1216253575836985
-0.8670052563234263,0.0442170029001831,-1.8547772955820991,-6.304586722789523
0.11922586112739209,-0.8091259849410398,1.4206557859368547,5.241525104503413
-0.5714492191967373,0.06767125806270954,-1.3472873717434255,-4.999235748241623
-0.16615784194973238,-0.028017784895743934,0.02899452984686368,0.8762165350089732
1.8821748802040494,0.19318157981319836,-0.30265428430795405,3.7335590129295175
-0.1697197964203783,2.206525307140402,-1.9594826506341647,-8.213117405052245
0.4137923171902139,-0.5237727785412354,1.661587748358528,4.597693732242673
-0.2322693299242352,0.42228901912535954,-0.1802990906627775,-1.8529319639860489
0.07571328795683367,1.0684620672442982,1.81707310704246,0.038560797251329326
0.006016680436071459,0.09800191409938289,-0.8530243960831285,-2.772742782933985
0.4483240659731595,2.337845119172165,1.4651030936638896,-1.8541151124534492
1.165307535547177,-0.3780392917314767,1.689558295982522,7.399164385099267
1.6473939976033294,0.32408922232004705,0.2273296654831225,4.6199832435155965
0.30962008190916684,-0.798805744892982,-1.18928884852913,-1.299481263393744
0.5895468860356021,-0.35152473514329313,0.7409897284228801,5.256672104207132
-1.150864509185567,0.2489339103966579,0.19591226611784052,-4.281843884945186
-0.08787674241562057,0.8463040623077297,1.7781186634105035,1.5373790111096917
0.940289464883589,0.3190948340235742,-0.24291175275803267,0.9703604174091529
0.8659686384171532,1.259114849334736,-0.925945409440712,-1.196791977839943
0.21160973279505021,-0.09496531059267174,-1.4468519940235716,-1.6275409912796648
0.8863939595679524,-0.33216852983900536,0.7945342747467179,4.758497590454894
0.49076670899381886,2.7039851072793866,1.896438475922329,-1.735291412565933
1.2003062582593216,0.39423764944203077,-1.886624917714406,0.3846930952371967
0.2893591569571111,-0.7194815459785476,0.9617814191125071,4.584011713507789
-0.35569831557103465,-0.6942637622480688,1.7077214502386666,3.1748139995049374
0.33584125693302364,-0.9426799145313405,-1.7008738630906026,0.8087952849531957
-2.9305943758527757,0.9365693558567879,-1.5593198195754674,-14.188806487472373
0.38288573638504947,-0.36437729289324183,0.7678283937988346,4.025041172909915
-3.6484128252147836,0.12736247565648562,0.5918535035831534,-8.858023317775833
-1.723463407405418,-0.06350867443826871,-1.7246903387350172,-7.441535638510002
0.45176860094098414,0.7314924079409346,1.3376910086046259,2.6994533962658562
0.47752933726679525,-0.8467440928840201,0.0936953913795695,3.2045171678088726
-1.1624287801399305,-1.0755722861430155,1.6287894933464502,0.44164401078854976
-0.7121020418789388,0.22429730718159427,1.5119635239708176,-0.3294626854970456
1.370540988614132,0.600959284699897,1.250031076200663,5.979539108799997
-0.48403013157267616,0.33253231309764075,0.06359558497768525,-2.0230143751782235
2.242920312402985,-0.8094537290973276,-0.993157433002271,5.886854570797291
-0.001919853176346149,0.6774848420913938,0.023902015644530206,-0.561552497526041
0.4080361768812668,-0.7438609270956342,-1.5967544887928797,-1.1182851090009924
1.6168743984986076,-0.5215386447863833,0.6353845938937046,7.50883556191813
0.13102711619341956,-0.9439535247220022,-1.4640911230839695,-0.5698511258161838
-1.0023439806908012,1.3011583486520308,0.04469185000289233,-5.968229674102073
-0.10972745169429012,0.6334215410273492,-1.7824721033327289,-3.5270320856253257
-0.03561073619009093,0.6049933756788733,-0.8019500389014165,-2.836948192690789
-1.3647416522015654,1.2472114211424503,-1.0716781573208487,-9.019569448013549
-0.25583207134082336,2.8126492482387233,0.48012617084668197,-3.7511592106717715
-0.7421920939974367,-1.7092261039101555,1.1471468480900349,2.877433479968145
0.9243577571874341,-0.7383765808771081,-1.7707881818378954,1.3042134486568728
0.03461187418525562,-0.6161750841745238,1.4011347406215369,4.549547561512963
-0.28279574914757005,-0.8508196223826928,1.443070779818418,3.1886259910272488
-0.10618193062257626,-1.0775832476037126,-0.6309237028479089,0.27744823118308715
0.22312201840616613,-0.2996530640553656,0.6360162638812885,2.2760505572399232
0.6168141996897798,-1.216603715289405,-0.3895478731862019,3.627729552163165
-0.9997122286693814,0.3350423675374132,-1.383236471241474,-5.876123545599218
-1.0415876326212719,0.051698321428614635,0.11464967425244144,-2.6943301511641446
1.10467921540253,0.4810286647636553,-1.6545613019936134,-1.9344594498546577
-0.4123368722047306,0.5077284516382525,1.5138886215839515,0.0659205957576896
-1.416842092596874,0.6030068534266765,1.6971590376384342,-2.0851624311199903
0.44381270938310463,-0.3734089368238823,1.2864525480456144,4.972632894787884
0.4633698060326869,2.1211434026336673,0.2501124830239143,-3.9954403878892215
-1.5307152572567064,0.23443111648209775,0.23039436450181983,-3.5059422802461704
0.2294817154636063,-1.862484752624795,1.9384295064037191,7.308616042655824
0.7355830924283736,-1.0023757457662175,-1.0083932406752685,1.1002199649478137
0.37438645170626306,-1.7405029890278156,-1.69620653637917,2.3241949285289305
0.6319814837613953,0.01733462915130733,0.24776369440471102,2.122706858395071
-1.404269098090749,-0.12180522405333363,-0.6848576087595868,-6.348801532331243
0.3310401549961956,-0.4684256978994578,-0.710644908767823,0.22385058751903525
-0.30261975947044656,2.010926112400514,-1.9716585833202078,-6.445159201161743
-0.4827901587246448,0.5489828740769108,0.3849576381917319,-0.2832655730876452
0.8705556094197265,0.7260983614463344,-0.9438651908975437,-1.0182269625129516
1.47927451067423,-0.9310734879421032,-1.248565807229276,3.778046237689912
1.794370054600359,-0.9991448913310123,-1.8382722744279851,5.042125989667944
1.314807871505905,0.03680549909695475,-0.5425536940975548,1.4419501282479263
-0.10973418163018368,0.17300713965222583,1.5158754895458295,2.7711637014078176
0.35272016302634307,-1.856311567114457,-0.6533167696105107,2.433461699710217
0.7668228717842437,-0.18030702284953407,0.7162968404783747,4.8538056095967095
0.12117794929946196,0.014072082873504806,1.0261878536076292,2.742152942272336
0.13076418791154437,-0.21514916577112894,-0.6875967632392017,-0.7306088529140331
0.823753131876182,-0.8133904123466764,1.286562940048165,7.060343374836784
-0.059282646025932216,-0.53953518192114,0.7675186386677963,0.8331563409145906
-0.7292869363736615,-0.17685919357279603,0.2369689148038061,-1.0046462312724485
-0.4144730658358585,0.09080002361004777,-1.9960301437974843,-3.708339079444783
0.6339103777337424,0.604791582550568,-1.8596369363087675,-1.871426473158869
0.002993291199955732,1.0808562049508712,1.9634633764242535,0.5471326718908021
0.34020997686833787,-0.2943477235272498,1.1291356940142374,5.4709678229798895
0.6700792422021898,-0.45615619611535785,1.7502610350917882,6.092329463847154
-0.3748414628976096,0.43765567353430623,1.60921281967211,1.3043221062310015
0.7562481636298061,0.6108449164108543,-1.9182280674289967,-1.0425518091645416
0.37884260345839443,-0.4342004332588856,1.1673891591642955,5.017930287086832
-1.2348130869114786,0.7903934769661722,-0.19541702395538163,-6.496365557500524
1.4423047911862443,0.9795853411559731,1.1582328160026227,3.4091954150610864
-0.5007447437569161,1.291686465658673,-1.9731368633464594,-7.180032866405274
-1.6550953431851838,1.7783209067198225,-0.847202795197743,-10.237560056025549
-1.0450437095863023,-0.8664161386594389,1.0052951031652086,0.8834941104223849
-1.021045160678322,0.01389820933251119,1.172083154406359,0.23457699650486097
0.05217331865753347,0.011277696618660139,0.47885840485849585,1.62037314316742
-0.2738505055462372,-0.0980735685325076,-0.794975242214945,-1.8652969320397963
-0.33683196764059287,-0.6492629196101362,-0.7585496348485483,-1.9822300906717936
0.6197019654824789,-1.4855620032310715,1.8670558545681306,8.026865847191686
0.3398753611927038,0.0926794460290038,-0.2431512830631819,0.46609953067193477
0.31604787064428624,-0.7683556595479125,-0.21149779902465182,2.906202564213811
0.40982845732869266,0.085993480747625,0.209331000962798,0.48626895057326514
0.6161346680022383,-0.7940435416988534,-0.361990652542445,2.053195556842389
-2.107953341777443,-1.0996583458443414,0.2106862583896567,-2.903188961991182
-0.3644382522644612,0.2342983603768977,-0.2706583089297685,-1.28188145520277
-2.180210064489474,0.15092152680649595,1.3068596784087467,-3.778311817685605
0.03605992679779541,0.579281971320933,1.6362040791931358,1.7383079490662359
-0.00463297222434532,2.1858637664176253,1.7284410392614467,-0.892844236575017
1.0455322747896802,0.2772895312108468,0.2571848233175462,3.9531865693409105
1.1876343927211208,0.4850817670641296,-0.23140577014201869,1.6529383220658593
0.20277504825236733,-1.0775613288673254,0.8209602351673517,5.190064677048991
-0.5003610773968998,-1.2869074405363745,1.3532943651836264,4.828419382107395
0.48516111254573785,1.5828294467733337,0.2519289682655086,0.36096323675509057
-0.5279176373243135,-0.9234797799333037,0.7999240872890452,2.9349397191710462
-0.001392651443348899,-1.043944071468642,0.9989174028849921,4.63726410256023
0.9861363169607678,-0.03909892121655298,0.7055751068691469,4.944169361224635
-0.5577713459894236,-0.09019241337738836,0.984534222917238,1.396291846055731
0.8056786392425009,-0.9025065064432917,-1.1654186697760065,1.3842173578520445
0.6774013686923024,-0.3049732187131,-0.006501811912809963,2.755393594507421
-0.9547918171308215,1.2293757176501043,0.3530742184203488,-5.026288213445699
0.973894128217401,-0.8059936088317976,-1.9900882765719077,2.7014773610012113
0.6985663453715051,-1.3936724843661716,1.4238500352547279,7.052583118365799
0.10192588737265744,0.9425936208997923,0.4400980337796483,-0.6038033342658976
-0.7623234580276522,0.4922969119380367,-1.483454673207187,-6.19181334121054
-0.85920601857557,-0.6205186206486616,1.2654282903033085,2.9183191088642886
-0.5376625769030224,-1.582167016126918,0.8682278657621785,3.5450232668980655
0.54259446329196,-0.7446233564385631,1.0331981738545482,5.227642279559373
-0.9556251674013979,-0.05470443684927131,-0.4318301525525752,-4.398639418665353
0.4375122486198699,1.165672089883819,1.4168100267799684,3.1069231380726894
-1.2417555288783926,-1.036581974869657,-0.34388967147055105,-4.632200230559199
-0.20406858443884895,-0.08451988151147344,0.2820366117823654,-0.3101454860731685
0.10964775457400863,0.675144659894898,-1.997430785200505,-1.840534745219107
2.4451301450589167,-2.3812673401219207,0.5794924587114489,14.154340547546617
-1.3773156555203674,1.0337861679388998,0.8727031685117468,-4.675501115373949
1.4720145664901334,-1.1824505722064373,0.26843746195516927,7.547277805342528
0.14984241398728004,0.3319954934569346,-0.013764731825535836,-0.20853844020646756
0.41117191801596314,0.24668314961074406,1.2397458948468332,4.169541436479692
0.11834791338820451,1.084586391463845,0.7254908686609673,1.4640306922097344
0.444726818195233,0.5509243808935403,-0.8877038411199081,-1.8225555411705994
-0.15368510436201774,-2.377290491729981,1.8362933523199434,6.8105604765338335
1.4540501814574582,-0.7847792471559913,0.8290687767813631,8.694575921947811
-0.4564711442247224,0.13820512935328008,1.9517557156496985,0.6503244746635797
1.1322345721792477,-0.19497988611978695,1.8850452650754734,5.916413647628942
-0.6443671202130229,0.47761072975677044,1.6756388912403595,-1.1367318781267708
-0.06025184640128695,0.7893665556697054,1.0214861649012303,-0.2964238604408962
-1.0719625522902192,0.6084517364296791,0.43771747398786953,-3.7886830247244583
0.4550237203475199,-0.21427494255446522,-1.3113173452683031,-1.930403163269859
1.4451259569265338,-1.8463370111204804,0.1734056696950308,8.764931275024527
-0.07735617982085408,-0.4554812488548173,1.0615060895773092,2.4585850136585705
-0.19688569870390954,0.4163681481389552,0.08342863482227125,-3.3739641440231125
-1.1146169630679268,-1.0904472525504776,1.472956513622631,1.0919578808711852
-0.2292926535523081,0.6312747301215763,-1.561376403233207,-5.280596072849442
-1.5927942597215277,0.9083932972673044,-0.4762386078054637,-8.394302758182496
-0.9128779867188273,0.12686697629584257,0.023857674374629045,-1.8571344036730757
0.22678604610913541,-3.063779866312396,-0.27069881652356775,5.576223467851058
1.3190131977413961,-1.2780883627118034,-1.5656538087137877,4.129902411038135
2.809210861229503,1.8861891585560817,-1.3858868238214779,1.6931077671410608
-0.5865850850709007,-0.546537793028378,1.3504691714219486,2.231185029211302
1.43530015664544,-1.984143223128996,-0.062462963194195975,7.5021536540775475
0.2437524804016479,1.2352473883102724,-1.8051102929890894,-4.698406743401324
-0.15124764674637586,0.013355591543672855,-1.9340349640894003,-3.8202744991633315
0.4325944517261522,1.1049404889577255,-0.10609839202269367,-1.1107789470099014
0.06191648367995918,0.2769586752193653,-1.3424850963022252,-3.4556926659130713
0.11039572561221853,0.4585591362121688,0.8205037839968874,0.9472976383496129
-0.4083331628266692,0.3630092477145166,1.1812938501110053,1.5186023478196802
-1.3981096597988507,0.697488311921,-1.0868131661715776,-7.945962919276211
-1.5436252025220816,2.2774304485560983,0.36870777952712297,-8.418149344883844
0.653244883281227,0.9710063359591881,-1.382221426058456,-2.827250030705182
-0.2767000900857134,-1.580339317845535,-0.7856693936224519,0.1500069686642293
-0.5960888996561666,0.4466615152789034,1.5551819767257333,-0.28926909007249424
0.008505626723153567,1.1414807681032177,0.17639236592924323,-1.6816600915338744
0.7949322529156275,1.202700806536146,1.5435547805768004,2.54357383338659
0.1803639430263982,-0.42660498305909955,-1.0990087832819722,-1.9394238205346013
-0.6560549366409674,1.1649444451881277,-0.6799026270053359,-7.320142750846056
1.2262929556489497,0.9277423995512052,-0.1161914461727318,1.224578371117054
1.579185502981632,2.57251743696973,-0.07967969922182849,-0.2493851438252369
0.4945566553228533,-0.7500017362485115,1.9905918687348017,5.236928764514292
0.9736635113440901,-0.5074005764004252,-1.5422187241154797,2.701512707037673
1.241959996813811,-0.3061190484599539,1.407860142406363,7.918363767583201
1.1300993164045137,-0.4902221500387753,1.4547281576874806,8.263588288389816
0.6140991771126236,-0.890020749763603,0.21279452615114947,4.81258578517532
0.5983470470748828,-2.762675505673743,-0.623851326963385,6.864901568009934
0.5196605733465026,-0.4346994737231341,0.07690441715318475,2.1079651802669908
-1.0973376745470436,0.36935805969990443,-0.8301291807737448,-8.037300950778203
0.7007231568595857,-0.4932218455059107,1.196429793759758,5.568543605984206
-1.355813971126554,1.9353811835291097,-0.006883365158679489,-7.568101209961646
-0.7945994551250549,0.013375812715862578,1.7033687155098023,0.6691873214323742
1.3035650678080875,1.2910290551841355,0.49076537742417514,2.935371124460093
0.8402201626941975,0.26142041272996835,0.057277332458733454,3.0941947226118933
1.4873982896858626,0.826407309893258,0.844277415910609,5.319294497247257
-0.27167438368729224,0.27924155393356226,0.015731857720937104,-0.7670735831777168
-1.1522488412767675,1.3687846319035628,1.6180254016777886,-3.855354963313075
-0.24043719707034283,0.05593935013240072,-1.2622161564526349,-4.4582630973091275
0.1020312972405742,0.4961207080887857,1.8933947349836227,3.2889767482274284
0.07898871634000969,0.3663329336500437,1.2487622074047682,2.420712122680641
1.1336804787567016,-0.2882854581273188,1.4429334474594784,6.51686194292356
-0.36127042500344553,0.4049823189246768,-0.06836867051571538,-2.533698320242698
0.35203447180292424,2.234386246197682,1.3488061973503895,-0.9406716266066708
-0.9886271494346061,-0.270396942095442,-0.7729036656911794,-5.0160094997266516
0.450317278043813,0.4194648928532483,1.0477927142567007,2.2127870823490925
0.003108550185636745,1.2577789508694428,-1.4381993664439094,-6.53019221989387
-0.7498133382845175,1.1402532809442802,-0.7717923361499652,-6.758712212183961
-0.2358293621748528,0.011716417719365251,-0.2170693465610687,-1.7920750495935374
-0.18417574651522164,-2.3833887029573617,-0.7107211274263125,3.0321202350679433
-0.2701551293370962,0.5167028186484662,-0.45193153750326553,-2.948829274976761
1.7713412422676835,-2.2194742586230527,1.280418979134792,12.813102331772061
-0.09844600230787963,1.469937230941231,-0.9732964314313297,-6.235630852043341
-0.24389611017733773,0.16947387119326057,0.9811246886182889,1.3380140020960805
-2.0974509576101417,0.999674019871989,-1.7051517235533926,-11.011963788081205
-0.8942073519794773,-0.9021111381810512,1.0629564300602432,2.244328190097966
-0.26307342445635284,-1.5525074733000543,1.168092971319092,5.010085075054219
-0.6858526761766428,0.2607543841411672,-0.39320489799007197,-2.973132241412766
1.381707593377797,-0.03360343995614198,0.8899112926698818,6.548969909308506
-0.16493777539621862,-0.4915408261571657,1.6605536149803966,4.031184863874767
1.2884442493182524,0.08466128073276377,1.2028518942181075,6.152319741307217
0.061704634050368024,2.76743589203226,-0.4382139584121605,-7.89153832591091
0.037227836421576635,0.8345255473690577,-0.06314594287974229,-1.558828253211616
-0.08879644771250095,1.049498605863319,1.1174301791432217,0.8392738256908436
0.0037962516214591325,0.8439368915533556,-0.8296216406035057,-3.4867698141105645
1.7187950030498593,1.4794621438521929,1.215530961235494,5.305654036335531
-2.3196107267512183,-0.1900716729007449,-0.6877154297562353,-8.727020381416628
-2.001545744438679,-2.0547613076752937,1.2239623295421524,0.3615238615299968
-0.5431708310561139,-0.1885861330060098,-1.6527982265971066,-3.856049622247963
0.014527881937568883,0.8117357099965018,-1.8224108123576395,-4.1869097698358635
0.6901044247640123,-0.9698003951150737,1.990701789479289,6.356667155363358
0.4730871980274752,-0.17636595048933035,1.4778284929387562,5.535635235328187
-0.3842459128805702,-0.6917697430023131,1.5313900138648155,2.6104669023366798
1.0190436932417624,1.5020292518431304,1.80511979042647,2.562621147408851
1.030195403152731,0.7494570154065637,-0.2467347623420486,2.004453077280297
0.18405783127156553,0.651540620643959,-0.8526577812793912,-2.4019959124960284
0.9626575724868413,0.6216013131209713,-1.479900019928388,-1.5934517455193196
0.2726452634321288,-0.037249252552126945,0.004836534153858096,1.1081103380445112
-0.5614830267828836,0.1975562825275035,-1.1198067180935687,-4.671255721727827
0.6978168390000047,-1.1851845805323176,1.7422034269572788,5.497927176928231
0.11061312257867771,-2.1864419787505676,-1.9839873502288836,1.3226590088416774
0.001339846754486929,0.15008113034502407,-1.4272130490275137,-3.30086420766943
1.4729535721895743,0.3239902562721444,-1.0140965876662928,0.9742415299541821
-2.4508721285400865,1.2092645684253776,-1.2041731536272198,-12.398803148105376
-1.4176841701595697,1.5713358160823676,-1.0968862536811588,-9.274458499922178
-1.18707042637437,1.5699984849989468,0.6241904202447137,-5.172961672539825
-0.3632606475688056,-0.9980235932938778,-0.6899516867474031,-1.743592873631324
-0.2546081697660301,-0.3522650349497693,0.4600975276134931,1.5002082057062593
-1.5073256477730475,0.48033429588137955,1.561031734585165,-2.711424888334513
-0.9851580323108263,2.5319046777421774,0.4102270621028081,-6.932075219723362
-0.8608416785235702,1.480099203713916,0.7781311651455258,-3.641116210829569
2.457424092075892,1.1193971619983802,-0.5379868071145708,5.165539758472114
1.8017419477471466,-0.3877879555492906,-1.3610461295091634,1.678059897469989
-0.4117494176846493,-0.8831996311551246,-0.7176637502003755,-1.71356212724978
-0.3635832903067989,0.7889078833832395,1.8571305948164323,0.20670902178998296
-1.1492039971882941,-1.10066126423436,0.4872455378125484,-0.3885079474466435
-1.9081304132252668,-0.23843635098030264,-0.8899555222639393,-6.948771711034036
-0.11688018640852403,-0.11477794900192263,-0.19633893135158464,-0.13704403521566744
-0.9978519832440257,1.592912089122808,1.3420521497239775,-3.29095258126599
-0.08485053166200977,-0.35469730295967755,0.6737742828230942,2.13719114708217
-1.6002058490434774,-2.4392496385726155,0.24261136291667285,0.7202269331697317
-0.7619744583102578,0.5044446476624683,1.5406515065353643,-0.3695262898757472
0.14862709530283086,-0.6990218531039264,0.6897582888671612,3.698116107071882
0.3662095977839374,0.042631024437746814,0.5709189231643816,2.5029837627004863
0.41747195874201454,-0.08670470084212364,-1.2409274511569275,-1.2357146778671284
-1.3204889841570373,-0.2737039958177683,-1.5744452679503689,-5.886790543320895
0.8546857301355617,0.7903405817847039,1.8605684682295962,2.997120945418593
-0.8002116966018503,-1.5328648783527072,0.3954334804014108,1.0852546981262452
0.6328579146073064,-0.5170142249543602,-0.3372663634142836,0.7159134710813142
-0.010638676618193147,0.6840379131173813,0.3560832836408703,0.2523040187314398
-1.3763874990779479,-0.6140847753443682,-1.7527521557131385,-5.676241621500018
-0.31619770458118795,-1.6088067092699718,1.2885090956164271,5.503970073234777
0.3653637420637676,0.6685553432567358,-1.1334178577426561,-3.959263726717278
0.612965380474599,1.123094630441539,1.2181840252717882,3.6575918351796055
-0.14098789744441861,-0.04499520764300634,0.13751377305444246,-0.3479265601237256
1.5317788906010528,-1.9608455984695325,-0.893711945372389,6.296563738408202
1.007510770986559,0.7059697466988162,-1.8791602070317182,-0.649832140409809
-0.25665411639975283,-1.659887881419688,1.263333421306423,4.718240984490191
0.7501218121369445,0.3087992768481657,-1.2941594341227733,-1.6355984140431619
1.9337934851881868,-0.8874638247421598,-1.7927795374405062,4.775340141848913
1.960484600783027,-1.1598392857669653,1.0235109233035233,12.763184319021438
-1.2279998808224974,-0.4419100170796902,-0.5998271105080848,-4.2828916076171675
-0.9265331111571506,-0.18329755642725984,-0.44266397763340004,-2.5735959822114594
1.484918786733851,-0.6442082503864482,-1.011729650877124,4.043892530230487
-1.0582810508376372,0.5887032782151507,1.4367139147875885,-1.1215694459357786
